Experiment_name,SPI,NI,Treatment,Cell Line + Treatment,Cell Line,Origin,Mode,Density,pvalue,sliding_time_window_size,neighbors_dist_threshold
field13_crop-001_ROI#1_annotation_apop.csv,0.0976555614313414,0.25738396624472576,ApoptosisInColonies,MCF10A+field13_crop-001_roi#1_annotation_apop.csv,MCF10A,field13_colony,Apoptosis,237,0.0,5,33
field13_crop-001_ROI#1_annotation_nec.csv,0.372495123248803,0.1423948220064725,NecrosisInColonies,MCF10A+field13_crop-001_roi#1_annotation_nec.csv,MCF10A,field13_colony,Necrosis,309,0.0,5,33
Field14-002_ROI#1_annotation_apop.csv,0.20502092050209206,0.23969072164948454,ApoptosisInColonies,MCF10A+field14-002_roi#1_annotation_apop.csv,MCF10A,field14_colony,Apoptosis,387,0.0,5,33
Field14-002_ROI#1_annotation_nec.csv,0.424412915851272,0.21285140562248997,NecrosisInColonies,MCF10A+field14-002_roi#1_annotation_nec.csv,MCF10A,field14_colony,Necrosis,249,0.0,5,33
7-20-23_10arednuclei_ROI#10_annotation_apop.csv,-1.2754182754182755,0.5531914893617021,ApoptosisInColonies,MCF10A+7-20-23_10arednuclei_roi#10_annotation_apop.csv,MCF10A,field11_colony,Apoptosis,47,0.768,5,33
7-20-23_10arednuclei_ROI#10_annotation_nec.csv,0.41674221819280755,0.2605633802816901,NecrosisInColonies,MCF10A+7-20-23_10arednuclei_roi#10_annotation_nec.csv,MCF10A,field11_colony,Necrosis,142,0.0,5,33
7-20-23_10arednuclei_ROI#13_or14_both_colonies_annotation_apop.csv,0.25126933994322953,0.15725806451612903,ApoptosisInColonies,MCF10A+7-20-23_10arednuclei_roi#13_or14_both_colonies_annotation_apop.csv,MCF10A,field14_two_colony,Apoptosis,248,0.0,5,33
7-20-23_10arednuclei_ROI#13_or14_both_colonies_annotation_nec.csv,0.5967387533248526,0.10086455331412104,NecrosisInColonies,MCF10A+7-20-23_10arednuclei_roi#13_or14_both_colonies_annotation_nec.csv,MCF10A,field14_two_colony,Necrosis,348,0.0,5,33
field13_crop-001_ROI#1_annotation_mixed.csv,0.3878782562933076,0.1391941391941392,MixedColony,MCF10A+field13_crop-001_roi#1_annotation_mixed.csv,MCF10A,field13_colony,mixed,546,0.0,5,33
Field14-002_ROI#1_annotation_mixed.csv,0.3777896582163594,0.16588419405320814,MixedColony,MCF10A+field14-002_roi#1_annotation_mixed.csv,MCF10A,field14_colony,mixed,641,0.0,5,33
7-20-23_10arednuclei_ROI#10_annotation_mixed.csv,0.24922911918487733,0.21693121693121692,MixedColony,MCF10A+7-20-23_10arednuclei_roi#10_annotation_mixed.csv,MCF10A,field11_colony,mixed,200,0.0,5,33
7-20-23_10arednuclei_ROI#13_or14_both_colonies_annotation_mixed.csv,0.6224106680476438,0.11932773109243698,MixedColony,MCF10A+7-20-23_10arednuclei_roi#13_or14_both_colonies_annotation_mixed.csv,MCF10A,field14_two_colony,mixed,596,0.0,5,33
purecolony3_sytox_based.csv,0.15123934934159572,0.22601010101010102,MixedColony,MCF10A+purecolony3_sytox_based.csv,MCF10A,pure_colony_3,Necrosis,818,0.0,5,33
purecolony_sytox_based.csv,0.20330186751665244,0.1511627906976744,MixedColony,MCF10A+purecolony_sytox_based.csv,MCF10A,pure_colony_1,Necrosis,930,0.0,5,33
purecolony2_sytox_based.csv,0.11941718405768079,0.1527777777777778,MixedColony,MCF10A+purecolony2_sytox_based.csv,MCF10A,pure_colony_2,Necrosis,975,0.0,5,33
mixcolony1.csv,0.4738538963592042,0.22255192878338279,MixedColony,MCF10A+mixcolony1.csv,MCF10A,mix_colony_1,mixed,337,0.0,5,33
mixcolony2_field13.csv,0.5565590426732897,0.15689981096408318,MixedColony,MCF10A+mixcolony2_field13.csv,MCF10A,mix_colony_2,mixed,529,0.0,5,33
mixcolony3.csv,0.09524987629886199,0.4951923076923077,MixedColony,MCF10A+mixcolony3.csv,MCF10A,mix_colony_3,mixed,208,0.001,5,33
20181227_MCF10A_SKT_xy1.csv,0.7777777777777778,0.9757575757575757,MixedColony,MCF10A+TRAIL,MCF10A,skt_1,Apoptosis,165,0.0,5,33
20181227_MCF10A_SKT_xy2.csv,-inf,0.9928571428571429,MixedColony,MCF10A+TRAIL,MCF10A,skt_2,Apoptosis,140,0.267,5,33
20181227_MCF10A_SKT_xy3.csv,-inf,0.9952153110047847,MixedColony,MCF10A+TRAIL,MCF10A,skt_3,Apoptosis,209,0.332,5,33
20181227_MCF10A_SKT_xy4.csv,1.0,0.9894736842105263,MixedColony,MCF10A+TRAIL,MCF10A,skt_4,Apoptosis,190,0.0,5,33
20181227_MCF10A_SKT_xy5.csv,-2.5,0.9875,MixedColony,MCF10A+TRAIL,MCF10A,skt_5,Apoptosis,160,0.45,5,33
3-11-23_10ah2bmch_ml+zvad_fullmedia_puredeath1_sytox_based.csv,0.1665793151642209,0.17569193742478942,MixedColony,MCF10A+3-11-23_10ah2bmch_ml+zvad_fullmedia_puredeath1_sytox_based.csv,MCF10A,pure_death_1,Necrosis,831,0.0,5,33
3-11-23_10ah2bmch_ml+zvad_fullmedia_puredeath2_sytox_based.csv,0.26107193879902296,0.1391035548686244,MixedColony,MCF10A+3-11-23_10ah2bmch_ml+zvad_fullmedia_puredeath2_sytox_based.csv,MCF10A,pure_death_2,Necrosis,647,0.0,5,33
3-11-23_10ah2bmch_ml+zvad_fullmedia_puredeath3_sytox_based.csv,-0.047038327526132406,0.2608695652173913,MixedColony,MCF10A+3-11-23_10ah2bmch_ml+zvad_fullmedia_puredeath3_sytox_based.csv,MCF10A,pure_death_3,Necrosis,22,0.078,5,33
field13_crop-001_ROI#1_annotation_apop.csv,0.10300479363965856,0.2616033755274262,ApoptosisInColonies,MCF10A+field13_crop-001_roi#1_annotation_apop.csv,MCF10A,field13_colony,Apoptosis,237,0.0,10,33
field13_crop-001_ROI#1_annotation_nec.csv,0.36746666666666666,0.1553398058252427,NecrosisInColonies,MCF10A+field13_crop-001_roi#1_annotation_nec.csv,MCF10A,field13_colony,Necrosis,309,0.0,10,33
Field14-002_ROI#1_annotation_apop.csv,0.2033395654696667,0.24484536082474226,ApoptosisInColonies,MCF10A+field14-002_roi#1_annotation_apop.csv,MCF10A,field14_colony,Apoptosis,387,0.0,10,33
Field14-002_ROI#1_annotation_nec.csv,0.42337725719863345,0.2289156626506024,NecrosisInColonies,MCF10A+field14-002_roi#1_annotation_nec.csv,MCF10A,field14_colony,Necrosis,249,0.0,10,33
7-20-23_10arednuclei_ROI#10_annotation_apop.csv,-1.221105527638191,0.5531914893617021,ApoptosisInColonies,MCF10A+7-20-23_10arednuclei_roi#10_annotation_apop.csv,MCF10A,field11_colony,Apoptosis,47,0.757,10,33
7-20-23_10arednuclei_ROI#10_annotation_nec.csv,0.41762220881110446,0.2605633802816901,NecrosisInColonies,MCF10A+7-20-23_10arednuclei_roi#10_annotation_nec.csv,MCF10A,field11_colony,Necrosis,142,0.0,10,33
7-20-23_10arednuclei_ROI#13_or14_both_colonies_annotation_apop.csv,0.25365639819870084,0.15725806451612903,ApoptosisInColonies,MCF10A+7-20-23_10arednuclei_roi#13_or14_both_colonies_annotation_apop.csv,MCF10A,field14_two_colony,Apoptosis,248,0.0,10,33
7-20-23_10arednuclei_ROI#13_or14_both_colonies_annotation_nec.csv,0.5949587640840981,0.10086455331412104,NecrosisInColonies,MCF10A+7-20-23_10arednuclei_roi#13_or14_both_colonies_annotation_nec.csv,MCF10A,field14_two_colony,Necrosis,348,0.0,10,33
field13_crop-001_ROI#1_annotation_mixed.csv,0.3865655395203483,0.14652014652014653,MixedColony,MCF10A+field13_crop-001_roi#1_annotation_mixed.csv,MCF10A,field13_colony,mixed,546,0.0,10,33
Field14-002_ROI#1_annotation_mixed.csv,0.3749282201083564,0.17214397496087636,MixedColony,MCF10A+field14-002_roi#1_annotation_mixed.csv,MCF10A,field14_colony,mixed,641,0.0,10,33
7-20-23_10arednuclei_ROI#10_annotation_mixed.csv,0.2505353319057816,0.21693121693121692,MixedColony,MCF10A+7-20-23_10arednuclei_roi#10_annotation_mixed.csv,MCF10A,field11_colony,mixed,200,0.0,10,33
7-20-23_10arednuclei_ROI#13_or14_both_colonies_annotation_mixed.csv,0.6223312128716878,0.11932773109243698,MixedColony,MCF10A+7-20-23_10arednuclei_roi#13_or14_both_colonies_annotation_mixed.csv,MCF10A,field14_two_colony,mixed,596,0.0,10,33
purecolony3_sytox_based.csv,0.15276168404789497,0.24621212121212122,MixedColony,MCF10A+purecolony3_sytox_based.csv,MCF10A,pure_colony_3,Necrosis,818,0.0,10,33
purecolony_sytox_based.csv,0.20014722722067727,0.15750528541226216,MixedColony,MCF10A+purecolony_sytox_based.csv,MCF10A,pure_colony_1,Necrosis,930,0.0,10,33
purecolony2_sytox_based.csv,0.11648727492203992,0.1648148148148148,MixedColony,MCF10A+purecolony2_sytox_based.csv,MCF10A,pure_colony_2,Necrosis,975,0.0,10,33
mixcolony1.csv,0.4760786156134994,0.22255192878338279,MixedColony,MCF10A+mixcolony1.csv,MCF10A,mix_colony_1,mixed,337,0.0,10,33
mixcolony2_field13.csv,0.5547091098716728,0.15689981096408318,MixedColony,MCF10A+mixcolony2_field13.csv,MCF10A,mix_colony_2,mixed,529,0.0,10,33
mixcolony3.csv,0.09592088998763908,0.4951923076923077,MixedColony,MCF10A+mixcolony3.csv,MCF10A,mix_colony_3,mixed,208,0.001,10,33
20181227_MCF10A_SKT_xy1.csv,0.7692307692307693,0.9757575757575757,MixedColony,MCF10A+TRAIL,MCF10A,skt_1,Apoptosis,165,0.001,10,33
20181227_MCF10A_SKT_xy2.csv,-inf,0.9928571428571429,MixedColony,MCF10A+TRAIL,MCF10A,skt_2,Apoptosis,140,0.288,10,33
20181227_MCF10A_SKT_xy3.csv,-inf,0.9952153110047847,MixedColony,MCF10A+TRAIL,MCF10A,skt_3,Apoptosis,209,0.341,10,33
20181227_MCF10A_SKT_xy4.csv,1.0,0.9894736842105263,MixedColony,MCF10A+TRAIL,MCF10A,skt_4,Apoptosis,190,0.0,10,33
20181227_MCF10A_SKT_xy5.csv,-2.6666666666666665,0.9875,MixedColony,MCF10A+TRAIL,MCF10A,skt_5,Apoptosis,160,0.489,10,33
3-11-23_10ah2bmch_ml+zvad_fullmedia_puredeath1_sytox_based.csv,0.16898573553863652,0.18531889290012032,MixedColony,MCF10A+3-11-23_10ah2bmch_ml+zvad_fullmedia_puredeath1_sytox_based.csv,MCF10A,pure_death_1,Necrosis,831,0.0,10,33
3-11-23_10ah2bmch_ml+zvad_fullmedia_puredeath2_sytox_based.csv,0.26151148841930427,0.1545595054095827,MixedColony,MCF10A+3-11-23_10ah2bmch_ml+zvad_fullmedia_puredeath2_sytox_based.csv,MCF10A,pure_death_2,Necrosis,647,0.0,10,33
3-11-23_10ah2bmch_ml+zvad_fullmedia_puredeath3_sytox_based.csv,-0.03754266211604096,0.2608695652173913,MixedColony,MCF10A+3-11-23_10ah2bmch_ml+zvad_fullmedia_puredeath3_sytox_based.csv,MCF10A,pure_death_3,Necrosis,22,0.085,10,33
field13_crop-001_ROI#1_annotation_apop.csv,0.10290514525726287,0.2742616033755274,ApoptosisInColonies,MCF10A+field13_crop-001_roi#1_annotation_apop.csv,MCF10A,field13_colony,Apoptosis,237,0.0,30,33
field13_crop-001_ROI#1_annotation_nec.csv,0.3659439450026441,0.20388349514563106,NecrosisInColonies,MCF10A+field13_crop-001_roi#1_annotation_nec.csv,MCF10A,field13_colony,Necrosis,309,0.0,30,33
Field14-002_ROI#1_annotation_apop.csv,0.20143188854489166,0.25773195876288657,ApoptosisInColonies,MCF10A+field14-002_roi#1_annotation_apop.csv,MCF10A,field14_colony,Apoptosis,387,0.0,30,33
Field14-002_ROI#1_annotation_nec.csv,0.4233308877476155,0.26506024096385544,NecrosisInColonies,MCF10A+field14-002_roi#1_annotation_nec.csv,MCF10A,field14_colony,Necrosis,249,0.0,30,33
7-20-23_10arednuclei_ROI#10_annotation_apop.csv,-1.2142857142857142,0.5531914893617021,ApoptosisInColonies,MCF10A+7-20-23_10arednuclei_roi#10_annotation_apop.csv,MCF10A,field11_colony,Apoptosis,47,0.766,30,33
7-20-23_10arednuclei_ROI#10_annotation_nec.csv,0.42196007259528134,0.29577464788732394,NecrosisInColonies,MCF10A+7-20-23_10arednuclei_roi#10_annotation_nec.csv,MCF10A,field11_colony,Necrosis,142,0.0,30,33
7-20-23_10arednuclei_ROI#13_or14_both_colonies_annotation_apop.csv,0.25123807223094574,0.16129032258064516,ApoptosisInColonies,MCF10A+7-20-23_10arednuclei_roi#13_or14_both_colonies_annotation_apop.csv,MCF10A,field14_two_colony,Apoptosis,248,0.0,30,33
7-20-23_10arednuclei_ROI#13_or14_both_colonies_annotation_nec.csv,0.5995836224843859,0.15273775216138327,NecrosisInColonies,MCF10A+7-20-23_10arednuclei_roi#13_or14_both_colonies_annotation_nec.csv,MCF10A,field14_two_colony,Necrosis,348,0.0,30,33
field13_crop-001_ROI#1_annotation_mixed.csv,0.3853904282115869,0.17765567765567766,MixedColony,MCF10A+field13_crop-001_roi#1_annotation_mixed.csv,MCF10A,field13_colony,mixed,546,0.0,30,33
Field14-002_ROI#1_annotation_mixed.csv,0.3761715528229737,0.19092331768388107,MixedColony,MCF10A+field14-002_roi#1_annotation_mixed.csv,MCF10A,field14_colony,mixed,641,0.0,30,33
7-20-23_10arednuclei_ROI#10_annotation_mixed.csv,0.2431771894093686,0.24867724867724866,MixedColony,MCF10A+7-20-23_10arednuclei_roi#10_annotation_mixed.csv,MCF10A,field11_colony,mixed,200,0.0,30,33
7-20-23_10arednuclei_ROI#13_or14_both_colonies_annotation_mixed.csv,0.6235311326734604,0.1495798319327731,MixedColony,MCF10A+7-20-23_10arednuclei_roi#13_or14_both_colonies_annotation_mixed.csv,MCF10A,field14_two_colony,mixed,596,0.0,30,33
purecolony3_sytox_based.csv,0.15289765721331683,0.2840909090909091,MixedColony,MCF10A+purecolony3_sytox_based.csv,MCF10A,pure_colony_3,Necrosis,818,0.0,30,33
purecolony_sytox_based.csv,0.20638036809815952,0.193446088794926,MixedColony,MCF10A+purecolony_sytox_based.csv,MCF10A,pure_colony_1,Necrosis,930,0.0,30,33
purecolony2_sytox_based.csv,0.10937500000000001,0.2101851851851852,MixedColony,MCF10A+purecolony2_sytox_based.csv,MCF10A,pure_colony_2,Necrosis,975,0.0,30,33
mixcolony1.csv,0.47470449172576834,0.27002967359050445,MixedColony,MCF10A+mixcolony1.csv,MCF10A,mix_colony_1,mixed,337,0.0,30,33
mixcolony2_field13.csv,0.5510508474576271,0.1833648393194707,MixedColony,MCF10A+mixcolony2_field13.csv,MCF10A,mix_colony_2,mixed,529,0.0,30,33
mixcolony3.csv,0.1042899408284023,0.4951923076923077,MixedColony,MCF10A+mixcolony3.csv,MCF10A,mix_colony_3,mixed,208,0.0,30,33
20181227_MCF10A_SKT_xy1.csv,0.75,0.9757575757575757,MixedColony,MCF10A+TRAIL,MCF10A,skt_1,Apoptosis,165,0.0,30,33
20181227_MCF10A_SKT_xy2.csv,-inf,0.9928571428571429,MixedColony,MCF10A+TRAIL,MCF10A,skt_2,Apoptosis,140,0.191,30,33
20181227_MCF10A_SKT_xy3.csv,-inf,0.9952153110047847,MixedColony,MCF10A+TRAIL,MCF10A,skt_3,Apoptosis,209,0.218,30,33
20181227_MCF10A_SKT_xy4.csv,1.0,0.9894736842105263,MixedColony,MCF10A+TRAIL,MCF10A,skt_4,Apoptosis,190,0.0,30,33
20181227_MCF10A_SKT_xy5.csv,-3.0,0.9875,MixedColony,MCF10A+TRAIL,MCF10A,skt_5,Apoptosis,160,0.489,30,33
3-11-23_10ah2bmch_ml+zvad_fullmedia_puredeath1_sytox_based.csv,0.17193624248758818,0.22021660649819494,MixedColony,MCF10A+3-11-23_10ah2bmch_ml+zvad_fullmedia_puredeath1_sytox_based.csv,MCF10A,pure_death_1,Necrosis,831,0.0,30,33
3-11-23_10ah2bmch_ml+zvad_fullmedia_puredeath2_sytox_based.csv,0.2578125,0.18238021638330756,MixedColony,MCF10A+3-11-23_10ah2bmch_ml+zvad_fullmedia_puredeath2_sytox_based.csv,MCF10A,pure_death_2,Necrosis,647,0.0,30,33
3-11-23_10ah2bmch_ml+zvad_fullmedia_puredeath3_sytox_based.csv,-0.03125,0.2608695652173913,MixedColony,MCF10A+3-11-23_10ah2bmch_ml+zvad_fullmedia_puredeath3_sytox_based.csv,MCF10A,pure_death_3,Necrosis,22,0.069,30,33
field13_crop-001_ROI#1_annotation_apop.csv,0.09894736842105263,0.2742616033755274,ApoptosisInColonies,MCF10A+field13_crop-001_roi#1_annotation_apop.csv,MCF10A,field13_colony,Apoptosis,237,0.0,60,33
field13_crop-001_ROI#1_annotation_nec.csv,0.34445640473627553,0.2297734627831715,NecrosisInColonies,MCF10A+field13_crop-001_roi#1_annotation_nec.csv,MCF10A,field13_colony,Necrosis,309,0.0,60,33
Field14-002_ROI#1_annotation_apop.csv,0.20046349942062577,0.26804123711340205,ApoptosisInColonies,MCF10A+field14-002_roi#1_annotation_apop.csv,MCF10A,field14_colony,Apoptosis,387,0.0,60,33
Field14-002_ROI#1_annotation_nec.csv,0.42467718794835,0.285140562248996,NecrosisInColonies,MCF10A+field14-002_roi#1_annotation_nec.csv,MCF10A,field14_colony,Necrosis,249,0.0,60,33
7-20-23_10arednuclei_ROI#10_annotation_apop.csv,-1.1386861313868613,0.574468085106383,ApoptosisInColonies,MCF10A+7-20-23_10arednuclei_roi#10_annotation_apop.csv,MCF10A,field11_colony,Apoptosis,47,0.723,60,33
7-20-23_10arednuclei_ROI#10_annotation_nec.csv,0.4036697247706422,0.30985915492957744,NecrosisInColonies,MCF10A+7-20-23_10arednuclei_roi#10_annotation_nec.csv,MCF10A,field11_colony,Necrosis,142,0.0,60,33
7-20-23_10arednuclei_ROI#13_or14_both_colonies_annotation_apop.csv,0.24832855778414517,0.1814516129032258,ApoptosisInColonies,MCF10A+7-20-23_10arednuclei_roi#13_or14_both_colonies_annotation_apop.csv,MCF10A,field14_two_colony,Apoptosis,248,0.0,60,33
7-20-23_10arednuclei_ROI#13_or14_both_colonies_annotation_nec.csv,0.6004273504273504,0.2132564841498559,NecrosisInColonies,MCF10A+7-20-23_10arednuclei_roi#13_or14_both_colonies_annotation_nec.csv,MCF10A,field14_two_colony,Necrosis,348,0.0,60,33
field13_crop-001_ROI#1_annotation_mixed.csv,0.381354144695212,0.19597069597069597,MixedColony,MCF10A+field13_crop-001_roi#1_annotation_mixed.csv,MCF10A,field13_colony,mixed,546,0.0,60,33
Field14-002_ROI#1_annotation_mixed.csv,0.37588226460429497,0.20657276995305165,MixedColony,MCF10A+field14-002_roi#1_annotation_mixed.csv,MCF10A,field14_colony,mixed,641,0.0,60,33
7-20-23_10arednuclei_ROI#10_annotation_mixed.csv,0.24858757062146883,0.25925925925925924,MixedColony,MCF10A+7-20-23_10arednuclei_roi#10_annotation_mixed.csv,MCF10A,field11_colony,mixed,200,0.0,60,33
7-20-23_10arednuclei_ROI#13_or14_both_colonies_annotation_mixed.csv,0.6213478768991041,0.1899159663865546,MixedColony,MCF10A+7-20-23_10arednuclei_roi#13_or14_both_colonies_annotation_mixed.csv,MCF10A,field14_two_colony,mixed,596,0.0,60,33
purecolony3_sytox_based.csv,0.1273885350318471,0.29924242424242425,MixedColony,MCF10A+purecolony3_sytox_based.csv,MCF10A,pure_colony_3,Necrosis,818,0.0,60,33
purecolony_sytox_based.csv,0.20815552394499764,0.22304439746300211,MixedColony,MCF10A+purecolony_sytox_based.csv,MCF10A,pure_colony_1,Necrosis,930,0.0,60,33
purecolony2_sytox_based.csv,0.07834441980783435,0.24074074074074073,MixedColony,MCF10A+purecolony2_sytox_based.csv,MCF10A,pure_colony_2,Necrosis,975,0.0,60,33
mixcolony1.csv,0.4638297872340425,0.3056379821958457,MixedColony,MCF10A+mixcolony1.csv,MCF10A,mix_colony_1,mixed,337,0.0,60,33
mixcolony2_field13.csv,0.5525175961017866,0.22495274102079396,MixedColony,MCF10A+mixcolony2_field13.csv,MCF10A,mix_colony_2,mixed,529,0.0,60,33
mixcolony3.csv,0.10176991150442481,0.4951923076923077,MixedColony,MCF10A+mixcolony3.csv,MCF10A,mix_colony_3,mixed,208,0.0,60,33
20181227_MCF10A_SKT_xy1.csv,1.0,0.9757575757575757,MixedColony,MCF10A+TRAIL,MCF10A,skt_1,Apoptosis,165,0.0,60,33
20181227_MCF10A_SKT_xy2.csv,-inf,0.9928571428571429,MixedColony,MCF10A+TRAIL,MCF10A,skt_2,Apoptosis,140,0.343,60,33
20181227_MCF10A_SKT_xy3.csv,-inf,0.9952153110047847,MixedColony,MCF10A+TRAIL,MCF10A,skt_3,Apoptosis,209,0.43,60,33
20181227_MCF10A_SKT_xy4.csv,,0.9894736842105263,MixedColony,MCF10A+TRAIL,MCF10A,skt_4,Apoptosis,190,0.0,60,33
20181227_MCF10A_SKT_xy5.csv,-inf,0.9875,MixedColony,MCF10A+TRAIL,MCF10A,skt_5,Apoptosis,160,0.416,60,33
3-11-23_10ah2bmch_ml+zvad_fullmedia_puredeath1_sytox_based.csv,0.17832354511478915,0.24187725631768953,MixedColony,MCF10A+3-11-23_10ah2bmch_ml+zvad_fullmedia_puredeath1_sytox_based.csv,MCF10A,pure_death_1,Necrosis,831,0.0,60,33
3-11-23_10ah2bmch_ml+zvad_fullmedia_puredeath2_sytox_based.csv,0.2576443941109852,0.2009273570324575,MixedColony,MCF10A+3-11-23_10ah2bmch_ml+zvad_fullmedia_puredeath2_sytox_based.csv,MCF10A,pure_death_2,Necrosis,647,0.0,60,33
3-11-23_10ah2bmch_ml+zvad_fullmedia_puredeath3_sytox_based.csv,-0.08,0.2608695652173913,MixedColony,MCF10A+3-11-23_10ah2bmch_ml+zvad_fullmedia_puredeath3_sytox_based.csv,MCF10A,pure_death_3,Necrosis,22,0.106,60,33
field13_crop-001_ROI#1_annotation_apop.csv,0.09042553191489364,0.29957805907172996,ApoptosisInColonies,MCF10A+field13_crop-001_roi#1_annotation_apop.csv,MCF10A,field13_colony,Apoptosis,237,0.0,90,33
field13_crop-001_ROI#1_annotation_nec.csv,0.33977455716586147,0.26537216828478966,NecrosisInColonies,MCF10A+field13_crop-001_roi#1_annotation_nec.csv,MCF10A,field13_colony,Necrosis,309,0.0,90,33
Field14-002_ROI#1_annotation_apop.csv,0.19640787949015057,0.2860824742268041,ApoptosisInColonies,MCF10A+field14-002_roi#1_annotation_apop.csv,MCF10A,field14_colony,Apoptosis,387,0.0,90,33
Field14-002_ROI#1_annotation_nec.csv,0.4017094017094017,0.321285140562249,NecrosisInColonies,MCF10A+field14-002_roi#1_annotation_nec.csv,MCF10A,field14_colony,Necrosis,249,0.0,90,33
7-20-23_10arednuclei_ROI#10_annotation_apop.csv,-1.2134831460674158,0.5531914893617021,ApoptosisInColonies,MCF10A+7-20-23_10arednuclei_roi#10_annotation_apop.csv,MCF10A,field11_colony,Apoptosis,47,0.771,90,33
7-20-23_10arednuclei_ROI#10_annotation_nec.csv,0.39775910364145656,0.33098591549295775,NecrosisInColonies,MCF10A+7-20-23_10arednuclei_roi#10_annotation_nec.csv,MCF10A,field11_colony,Necrosis,142,0.0,90,33
7-20-23_10arednuclei_ROI#13_or14_both_colonies_annotation_apop.csv,0.25054229934924077,0.1814516129032258,ApoptosisInColonies,MCF10A+7-20-23_10arednuclei_roi#13_or14_both_colonies_annotation_apop.csv,MCF10A,field14_two_colony,Apoptosis,248,0.0,90,33
7-20-23_10arednuclei_ROI#13_or14_both_colonies_annotation_nec.csv,0.5987328405491025,0.23054755043227665,NecrosisInColonies,MCF10A+7-20-23_10arednuclei_roi#13_or14_both_colonies_annotation_nec.csv,MCF10A,field14_two_colony,Necrosis,348,0.0,90,33
field13_crop-001_ROI#1_annotation_mixed.csv,0.38192695214105793,0.21611721611721613,MixedColony,MCF10A+field13_crop-001_roi#1_annotation_mixed.csv,MCF10A,field13_colony,mixed,546,0.0,90,33
Field14-002_ROI#1_annotation_mixed.csv,0.37123073486709857,0.22848200312989045,MixedColony,MCF10A+field14-002_roi#1_annotation_mixed.csv,MCF10A,field14_colony,mixed,641,0.0,90,33
7-20-23_10arednuclei_ROI#10_annotation_mixed.csv,0.2378048780487804,0.2857142857142857,MixedColony,MCF10A+7-20-23_10arednuclei_roi#10_annotation_mixed.csv,MCF10A,field11_colony,mixed,200,0.0,90,33
7-20-23_10arednuclei_ROI#13_or14_both_colonies_annotation_mixed.csv,0.6207861033416753,0.19663865546218487,MixedColony,MCF10A+7-20-23_10arednuclei_roi#13_or14_both_colonies_annotation_mixed.csv,MCF10A,field14_two_colony,mixed,596,0.0,90,33
purecolony3_sytox_based.csv,0.07207207207207203,0.3005050505050505,MixedColony,MCF10A+purecolony3_sytox_based.csv,MCF10A,pure_colony_3,Necrosis,818,0.0,90,33
purecolony_sytox_based.csv,0.15016233766233775,0.23784355179704017,MixedColony,MCF10A+purecolony_sytox_based.csv,MCF10A,pure_colony_1,Necrosis,930,0.0,90,33
purecolony2_sytox_based.csv,-0.016272189349112343,0.25555555555555554,MixedColony,MCF10A+purecolony2_sytox_based.csv,MCF10A,pure_colony_2,Necrosis,975,0.135,90,33
mixcolony1.csv,0.47301136363636365,0.32047477744807124,MixedColony,MCF10A+mixcolony1.csv,MCF10A,mix_colony_1,mixed,337,0.0,90,33
mixcolony2_field13.csv,0.5570794675272287,0.24574669187145556,MixedColony,MCF10A+mixcolony2_field13.csv,MCF10A,mix_colony_2,mixed,529,0.0,90,33
mixcolony3.csv,0.11555555555555556,0.5,MixedColony,MCF10A+mixcolony3.csv,MCF10A,mix_colony_3,mixed,208,0.0,90,33
20181227_MCF10A_SKT_xy1.csv,1.0,0.9757575757575757,MixedColony,MCF10A+TRAIL,MCF10A,skt_1,Apoptosis,165,0.0,90,33
20181227_MCF10A_SKT_xy2.csv,,0.9928571428571429,MixedColony,MCF10A+TRAIL,MCF10A,skt_2,Apoptosis,140,0.0,90,33
20181227_MCF10A_SKT_xy3.csv,,0.9952153110047847,MixedColony,MCF10A+TRAIL,MCF10A,skt_3,Apoptosis,209,0.0,90,33
20181227_MCF10A_SKT_xy4.csv,,0.9894736842105263,MixedColony,MCF10A+TRAIL,MCF10A,skt_4,Apoptosis,190,0.0,90,33
20181227_MCF10A_SKT_xy5.csv,-inf,0.9875,MixedColony,MCF10A+TRAIL,MCF10A,skt_5,Apoptosis,160,0.232,90,33
3-11-23_10ah2bmch_ml+zvad_fullmedia_puredeath1_sytox_based.csv,0.15253029223093367,0.24428399518652227,MixedColony,MCF10A+3-11-23_10ah2bmch_ml+zvad_fullmedia_puredeath1_sytox_based.csv,MCF10A,pure_death_1,Necrosis,831,0.0,90,33
3-11-23_10ah2bmch_ml+zvad_fullmedia_puredeath2_sytox_based.csv,0.22276822276822283,0.21483771251931993,MixedColony,MCF10A+3-11-23_10ah2bmch_ml+zvad_fullmedia_puredeath2_sytox_based.csv,MCF10A,pure_death_2,Necrosis,647,0.0,90,33
3-11-23_10ah2bmch_ml+zvad_fullmedia_puredeath3_sytox_based.csv,-0.05714285714285714,0.2608695652173913,MixedColony,MCF10A+3-11-23_10ah2bmch_ml+zvad_fullmedia_puredeath3_sytox_based.csv,MCF10A,pure_death_3,Necrosis,22,0.096,90,33
field13_crop-001_ROI#1_annotation_apop.csv,0.0966810966810968,0.3037974683544304,ApoptosisInColonies,MCF10A+field13_crop-001_roi#1_annotation_apop.csv,MCF10A,field13_colony,Apoptosis,237,0.0,120,33
field13_crop-001_ROI#1_annotation_nec.csv,0.39034205231388336,0.28802588996763756,NecrosisInColonies,MCF10A+field13_crop-001_roi#1_annotation_nec.csv,MCF10A,field13_colony,Necrosis,309,0.0,120,33
Field14-002_ROI#1_annotation_apop.csv,0.2084291187739463,0.2912371134020619,ApoptosisInColonies,MCF10A+field14-002_roi#1_annotation_apop.csv,MCF10A,field14_colony,Apoptosis,387,0.0,120,33
Field14-002_ROI#1_annotation_nec.csv,0.45628415300546443,0.3253012048192771,NecrosisInColonies,MCF10A+field14-002_roi#1_annotation_nec.csv,MCF10A,field14_colony,Necrosis,249,0.0,120,33
7-20-23_10arednuclei_ROI#10_annotation_apop.csv,-1.1470588235294117,0.5957446808510638,ApoptosisInColonies,MCF10A+7-20-23_10arednuclei_roi#10_annotation_apop.csv,MCF10A,field11_colony,Apoptosis,47,0.765,120,33
7-20-23_10arednuclei_ROI#10_annotation_nec.csv,0.3978102189781022,0.352112676056338,NecrosisInColonies,MCF10A+7-20-23_10arednuclei_roi#10_annotation_nec.csv,MCF10A,field11_colony,Necrosis,142,0.0,120,33
7-20-23_10arednuclei_ROI#13_or14_both_colonies_annotation_apop.csv,0.25024437927663734,0.18548387096774194,ApoptosisInColonies,MCF10A+7-20-23_10arednuclei_roi#13_or14_both_colonies_annotation_apop.csv,MCF10A,field14_two_colony,Apoptosis,248,0.0,120,33
7-20-23_10arednuclei_ROI#13_or14_both_colonies_annotation_nec.csv,0.5674931129476584,0.23919308357348704,NecrosisInColonies,MCF10A+7-20-23_10arednuclei_roi#13_or14_both_colonies_annotation_nec.csv,MCF10A,field14_two_colony,Necrosis,348,0.0,120,33
field13_crop-001_ROI#1_annotation_mixed.csv,0.4044665012406948,0.23443223443223443,MixedColony,MCF10A+field13_crop-001_roi#1_annotation_mixed.csv,MCF10A,field13_colony,mixed,546,0.0,120,33
Field14-002_ROI#1_annotation_mixed.csv,0.3813381338133814,0.23317683881064163,MixedColony,MCF10A+field14-002_roi#1_annotation_mixed.csv,MCF10A,field14_colony,mixed,641,0.0,120,33
7-20-23_10arednuclei_ROI#10_annotation_mixed.csv,0.24354838709677423,0.30158730158730157,MixedColony,MCF10A+7-20-23_10arednuclei_roi#10_annotation_mixed.csv,MCF10A,field11_colony,mixed,200,0.0,120,33
7-20-23_10arednuclei_ROI#13_or14_both_colonies_annotation_mixed.csv,0.6206828885400314,0.21176470588235294,MixedColony,MCF10A+7-20-23_10arednuclei_roi#13_or14_both_colonies_annotation_mixed.csv,MCF10A,field14_two_colony,mixed,596,0.0,120,33
purecolony3_sytox_based.csv,0.19798657718120802,0.30808080808080807,MixedColony,MCF10A+purecolony3_sytox_based.csv,MCF10A,pure_colony_3,Necrosis,818,0.0,120,33
purecolony_sytox_based.csv,0.24131944444444448,0.23678646934460887,MixedColony,MCF10A+purecolony_sytox_based.csv,MCF10A,pure_colony_1,Necrosis,930,0.0,120,33
purecolony2_sytox_based.csv,0.12543554006968632,0.24074074074074073,MixedColony,MCF10A+purecolony2_sytox_based.csv,MCF10A,pure_colony_2,Necrosis,975,0.0,120,33
mixcolony1.csv,0.4856348470806302,0.3323442136498516,MixedColony,MCF10A+mixcolony1.csv,MCF10A,mix_colony_1,mixed,337,0.0,120,33
mixcolony2_field13.csv,0.5515350877192982,0.2589792060491493,MixedColony,MCF10A+mixcolony2_field13.csv,MCF10A,mix_colony_2,mixed,529,0.0,120,33
mixcolony3.csv,0.0932944606413996,0.4951923076923077,MixedColony,MCF10A+mixcolony3.csv,MCF10A,mix_colony_3,mixed,208,0.001,120,33
20181227_MCF10A_SKT_xy1.csv,,0.9757575757575757,MixedColony,MCF10A+TRAIL,MCF10A,skt_1,Apoptosis,165,0.0,120,33
20181227_MCF10A_SKT_xy2.csv,,0.9928571428571429,MixedColony,MCF10A+TRAIL,MCF10A,skt_2,Apoptosis,140,0.0,120,33
20181227_MCF10A_SKT_xy3.csv,,0.9952153110047847,MixedColony,MCF10A+TRAIL,MCF10A,skt_3,Apoptosis,209,0.0,120,33
20181227_MCF10A_SKT_xy4.csv,,0.9894736842105263,MixedColony,MCF10A+TRAIL,MCF10A,skt_4,Apoptosis,190,0.0,120,33
20181227_MCF10A_SKT_xy5.csv,,0.9875,MixedColony,MCF10A+TRAIL,MCF10A,skt_5,Apoptosis,160,0.0,120,33
3-11-23_10ah2bmch_ml+zvad_fullmedia_puredeath1_sytox_based.csv,0.251528384279476,0.2490974729241877,MixedColony,MCF10A+3-11-23_10ah2bmch_ml+zvad_fullmedia_puredeath1_sytox_based.csv,MCF10A,pure_death_1,Necrosis,831,0.0,120,33
3-11-23_10ah2bmch_ml+zvad_fullmedia_puredeath2_sytox_based.csv,0.2791666666666667,0.21947449768160743,MixedColony,MCF10A+3-11-23_10ah2bmch_ml+zvad_fullmedia_puredeath2_sytox_based.csv,MCF10A,pure_death_2,Necrosis,647,0.0,120,33
3-11-23_10ah2bmch_ml+zvad_fullmedia_puredeath3_sytox_based.csv,0.0,0.34782608695652173,MixedColony,MCF10A+3-11-23_10ah2bmch_ml+zvad_fullmedia_puredeath3_sytox_based.csv,MCF10A,pure_death_3,Necrosis,22,0.045,120,33
field13_crop-001_ROI#1_annotation_apop.csv,0.09654471544715447,0.19831223628691982,ApoptosisInColonies,MCF10A+field13_crop-001_roi#1_annotation_apop.csv,MCF10A,field13_colony,Apoptosis,237,0.0,5,50
field13_crop-001_ROI#1_annotation_nec.csv,0.31383508154046397,0.11650485436893204,NecrosisInColonies,MCF10A+field13_crop-001_roi#1_annotation_nec.csv,MCF10A,field13_colony,Necrosis,309,0.0,5,50
Field14-002_ROI#1_annotation_apop.csv,0.16801272933291553,0.18041237113402062,ApoptosisInColonies,MCF10A+field14-002_roi#1_annotation_apop.csv,MCF10A,field14_colony,Apoptosis,387,0.0,5,50
Field14-002_ROI#1_annotation_nec.csv,0.31176306749605426,0.14859437751004015,NecrosisInColonies,MCF10A+field14-002_roi#1_annotation_nec.csv,MCF10A,field14_colony,Necrosis,249,0.0,5,50
7-20-23_10arednuclei_ROI#10_annotation_apop.csv,-0.4754617414248022,0.2978723404255319,ApoptosisInColonies,MCF10A+7-20-23_10arednuclei_roi#10_annotation_apop.csv,MCF10A,field11_colony,Apoptosis,47,0.553,5,50
7-20-23_10arednuclei_ROI#10_annotation_nec.csv,0.3673205033308661,0.176056338028169,NecrosisInColonies,MCF10A+7-20-23_10arednuclei_roi#10_annotation_nec.csv,MCF10A,field11_colony,Necrosis,142,0.0,5,50
7-20-23_10arednuclei_ROI#13_or14_both_colonies_annotation_apop.csv,0.24824695121951226,0.14516129032258066,ApoptosisInColonies,MCF10A+7-20-23_10arednuclei_roi#13_or14_both_colonies_annotation_apop.csv,MCF10A,field14_two_colony,Apoptosis,248,0.0,5,50
7-20-23_10arednuclei_ROI#13_or14_both_colonies_annotation_nec.csv,0.577400245892478,0.10086455331412104,NecrosisInColonies,MCF10A+7-20-23_10arednuclei_roi#13_or14_both_colonies_annotation_nec.csv,MCF10A,field14_two_colony,Necrosis,348,0.0,5,50
field13_crop-001_ROI#1_annotation_mixed.csv,0.3500966505054346,0.11904761904761904,MixedColony,MCF10A+field13_crop-001_roi#1_annotation_mixed.csv,MCF10A,field13_colony,mixed,546,0.0,5,50
Field14-002_ROI#1_annotation_mixed.csv,0.35050454781292034,0.13145539906103287,MixedColony,MCF10A+field14-002_roi#1_annotation_mixed.csv,MCF10A,field14_colony,mixed,641,0.0,5,50
7-20-23_10arednuclei_ROI#10_annotation_mixed.csv,0.2548307184145335,0.14285714285714285,MixedColony,MCF10A+7-20-23_10arednuclei_roi#10_annotation_mixed.csv,MCF10A,field11_colony,mixed,200,0.0,5,50
7-20-23_10arednuclei_ROI#13_or14_both_colonies_annotation_mixed.csv,0.6168538443414749,0.11428571428571428,MixedColony,MCF10A+7-20-23_10arednuclei_roi#13_or14_both_colonies_annotation_mixed.csv,MCF10A,field14_two_colony,mixed,596,0.0,5,50
purecolony3_sytox_based.csv,0.1273009708737864,0.16792929292929293,MixedColony,MCF10A+purecolony3_sytox_based.csv,MCF10A,pure_colony_3,Necrosis,818,0.0,5,50
purecolony_sytox_based.csv,0.20120807383507175,0.12896405919661733,MixedColony,MCF10A+purecolony_sytox_based.csv,MCF10A,pure_colony_1,Necrosis,930,0.0,5,50
purecolony2_sytox_based.csv,0.12512474457064116,0.14074074074074075,MixedColony,MCF10A+purecolony2_sytox_based.csv,MCF10A,pure_colony_2,Necrosis,975,0.0,5,50
mixcolony1.csv,0.372347371857656,0.13353115727002968,MixedColony,MCF10A+mixcolony1.csv,MCF10A,mix_colony_1,mixed,337,0.0,5,50
mixcolony2_field13.csv,0.4404424607025034,0.11720226843100189,MixedColony,MCF10A+mixcolony2_field13.csv,MCF10A,mix_colony_2,mixed,529,0.0,5,50
mixcolony3.csv,0.11646305991855739,0.25961538461538464,MixedColony,MCF10A+mixcolony3.csv,MCF10A,mix_colony_3,mixed,208,0.0,5,50
20181227_MCF10A_SKT_xy1.csv,0.4352941176470588,0.7757575757575758,MixedColony,MCF10A+TRAIL,MCF10A,skt_1,Apoptosis,165,0.0,5,50
20181227_MCF10A_SKT_xy2.csv,0.11764705882352938,0.9071428571428571,MixedColony,MCF10A+TRAIL,MCF10A,skt_2,Apoptosis,140,0.015,5,50
20181227_MCF10A_SKT_xy3.csv,0.06944444444444445,0.8755980861244019,MixedColony,MCF10A+TRAIL,MCF10A,skt_3,Apoptosis,209,0.019,5,50
20181227_MCF10A_SKT_xy4.csv,0.09523809523809527,0.8894736842105263,MixedColony,MCF10A+TRAIL,MCF10A,skt_4,Apoptosis,190,0.012,5,50
20181227_MCF10A_SKT_xy5.csv,0.3333333333333333,0.9125,MixedColony,MCF10A+TRAIL,MCF10A,skt_5,Apoptosis,160,0.0,5,50
3-11-23_10ah2bmch_ml+zvad_fullmedia_puredeath1_sytox_based.csv,0.15646444167186518,0.1552346570397112,MixedColony,MCF10A+3-11-23_10ah2bmch_ml+zvad_fullmedia_puredeath1_sytox_based.csv,MCF10A,pure_death_1,Necrosis,831,0.0,5,50
3-11-23_10ah2bmch_ml+zvad_fullmedia_puredeath2_sytox_based.csv,0.25579723170950924,0.13446676970633695,MixedColony,MCF10A+3-11-23_10ah2bmch_ml+zvad_fullmedia_puredeath2_sytox_based.csv,MCF10A,pure_death_2,Necrosis,647,0.0,5,50
3-11-23_10ah2bmch_ml+zvad_fullmedia_puredeath3_sytox_based.csv,0.03172413793103442,0.17391304347826086,MixedColony,MCF10A+3-11-23_10ah2bmch_ml+zvad_fullmedia_puredeath3_sytox_based.csv,MCF10A,pure_death_3,Necrosis,22,0.028,5,50
field13_crop-001_ROI#1_annotation_apop.csv,0.09538347673235276,0.20253164556962025,ApoptosisInColonies,MCF10A+field13_crop-001_roi#1_annotation_apop.csv,MCF10A,field13_colony,Apoptosis,237,0.0,10,50
field13_crop-001_ROI#1_annotation_nec.csv,0.3122324159021407,0.1262135922330097,NecrosisInColonies,MCF10A+field13_crop-001_roi#1_annotation_nec.csv,MCF10A,field13_colony,Necrosis,309,0.0,10,50
Field14-002_ROI#1_annotation_apop.csv,0.1690425736852244,0.18556701030927836,ApoptosisInColonies,MCF10A+field14-002_roi#1_annotation_apop.csv,MCF10A,field14_colony,Apoptosis,387,0.0,10,50
Field14-002_ROI#1_annotation_nec.csv,0.30893553780419836,0.1606425702811245,NecrosisInColonies,MCF10A+field14-002_roi#1_annotation_nec.csv,MCF10A,field14_colony,Necrosis,249,0.0,10,50
7-20-23_10arednuclei_ROI#10_annotation_apop.csv,-0.5040344271113502,0.2978723404255319,ApoptosisInColonies,MCF10A+7-20-23_10arednuclei_roi#10_annotation_apop.csv,MCF10A,field11_colony,Apoptosis,47,0.561,10,50
7-20-23_10arednuclei_ROI#10_annotation_nec.csv,0.3673205033308661,0.176056338028169,NecrosisInColonies,MCF10A+7-20-23_10arednuclei_roi#10_annotation_nec.csv,MCF10A,field11_colony,Necrosis,142,0.0,10,50
7-20-23_10arednuclei_ROI#13_or14_both_colonies_annotation_apop.csv,0.25019005625665197,0.14516129032258066,ApoptosisInColonies,MCF10A+7-20-23_10arednuclei_roi#13_or14_both_colonies_annotation_apop.csv,MCF10A,field14_two_colony,Apoptosis,248,0.0,10,50
7-20-23_10arednuclei_ROI#13_or14_both_colonies_annotation_nec.csv,0.5765957446808511,0.10086455331412104,NecrosisInColonies,MCF10A+7-20-23_10arednuclei_roi#13_or14_both_colonies_annotation_nec.csv,MCF10A,field14_two_colony,Necrosis,348,0.0,10,50
field13_crop-001_ROI#1_annotation_mixed.csv,0.34976882639812523,0.12637362637362637,MixedColony,MCF10A+field13_crop-001_roi#1_annotation_mixed.csv,MCF10A,field13_colony,mixed,546,0.0,10,50
Field14-002_ROI#1_annotation_mixed.csv,0.34927803574836197,0.13928012519561817,MixedColony,MCF10A+field14-002_roi#1_annotation_mixed.csv,MCF10A,field14_colony,mixed,641,0.0,10,50
7-20-23_10arednuclei_ROI#10_annotation_mixed.csv,0.25291828793774324,0.14285714285714285,MixedColony,MCF10A+7-20-23_10arednuclei_roi#10_annotation_mixed.csv,MCF10A,field11_colony,mixed,200,0.0,10,50
7-20-23_10arednuclei_ROI#13_or14_both_colonies_annotation_mixed.csv,0.6174667147584174,0.11428571428571428,MixedColony,MCF10A+7-20-23_10arednuclei_roi#13_or14_both_colonies_annotation_mixed.csv,MCF10A,field14_two_colony,mixed,596,0.0,10,50
purecolony3_sytox_based.csv,0.12783473128300707,0.19065656565656566,MixedColony,MCF10A+purecolony3_sytox_based.csv,MCF10A,pure_colony_3,Necrosis,818,0.0,10,50
purecolony_sytox_based.csv,0.19946010797840444,0.13424947145877378,MixedColony,MCF10A+purecolony_sytox_based.csv,MCF10A,pure_colony_1,Necrosis,930,0.0,10,50
purecolony2_sytox_based.csv,0.12471461187214611,0.1527777777777778,MixedColony,MCF10A+purecolony2_sytox_based.csv,MCF10A,pure_colony_2,Necrosis,975,0.0,10,50
mixcolony1.csv,0.37097829643363506,0.13353115727002968,MixedColony,MCF10A+mixcolony1.csv,MCF10A,mix_colony_1,mixed,337,0.0,10,50
mixcolony2_field13.csv,0.44130982367758187,0.11720226843100189,MixedColony,MCF10A+mixcolony2_field13.csv,MCF10A,mix_colony_2,mixed,529,0.0,10,50
mixcolony3.csv,0.1198423736671303,0.25961538461538464,MixedColony,MCF10A+mixcolony3.csv,MCF10A,mix_colony_3,mixed,208,0.0,10,50
20181227_MCF10A_SKT_xy1.csv,0.42687747035573126,0.7757575757575758,MixedColony,MCF10A+TRAIL,MCF10A,skt_1,Apoptosis,165,0.0,10,50
20181227_MCF10A_SKT_xy2.csv,0.11320754716981131,0.9071428571428571,MixedColony,MCF10A+TRAIL,MCF10A,skt_2,Apoptosis,140,0.015,10,50
20181227_MCF10A_SKT_xy3.csv,0.07407407407407407,0.8755980861244019,MixedColony,MCF10A+TRAIL,MCF10A,skt_3,Apoptosis,209,0.017,10,50
20181227_MCF10A_SKT_xy4.csv,0.09677419354838712,0.8894736842105263,MixedColony,MCF10A+TRAIL,MCF10A,skt_4,Apoptosis,190,0.012,10,50
20181227_MCF10A_SKT_xy5.csv,0.3214285714285715,0.9125,MixedColony,MCF10A+TRAIL,MCF10A,skt_5,Apoptosis,160,0.001,10,50
3-11-23_10ah2bmch_ml+zvad_fullmedia_puredeath1_sytox_based.csv,0.15770525162401194,0.1624548736462094,MixedColony,MCF10A+3-11-23_10ah2bmch_ml+zvad_fullmedia_puredeath1_sytox_based.csv,MCF10A,pure_death_1,Necrosis,831,0.0,10,50
3-11-23_10ah2bmch_ml+zvad_fullmedia_puredeath2_sytox_based.csv,0.2565647482014388,0.14992272024729522,MixedColony,MCF10A+3-11-23_10ah2bmch_ml+zvad_fullmedia_puredeath2_sytox_based.csv,MCF10A,pure_death_2,Necrosis,647,0.0,10,50
3-11-23_10ah2bmch_ml+zvad_fullmedia_puredeath3_sytox_based.csv,-0.005633802816901473,0.17391304347826086,MixedColony,MCF10A+3-11-23_10ah2bmch_ml+zvad_fullmedia_puredeath3_sytox_based.csv,MCF10A,pure_death_3,Necrosis,22,0.051,10,50
field13_crop-001_ROI#1_annotation_apop.csv,0.09792531120331954,0.2109704641350211,ApoptosisInColonies,MCF10A+field13_crop-001_roi#1_annotation_apop.csv,MCF10A,field13_colony,Apoptosis,237,0.0,30,50
field13_crop-001_ROI#1_annotation_nec.csv,0.30832570905763956,0.1715210355987055,NecrosisInColonies,MCF10A+field13_crop-001_roi#1_annotation_nec.csv,MCF10A,field13_colony,Necrosis,309,0.0,30,50
Field14-002_ROI#1_annotation_apop.csv,0.1701943844492441,0.19072164948453607,ApoptosisInColonies,MCF10A+field14-002_roi#1_annotation_apop.csv,MCF10A,field14_colony,Apoptosis,387,0.0,30,50
Field14-002_ROI#1_annotation_nec.csv,0.3099059214167128,0.19678714859437751,NecrosisInColonies,MCF10A+field14-002_roi#1_annotation_nec.csv,MCF10A,field14_colony,Necrosis,249,0.0,30,50
7-20-23_10arednuclei_ROI#10_annotation_apop.csv,-0.5212418300653594,0.3191489361702128,ApoptosisInColonies,MCF10A+7-20-23_10arednuclei_roi#10_annotation_apop.csv,MCF10A,field11_colony,Apoptosis,47,0.558,30,50
7-20-23_10arednuclei_ROI#10_annotation_nec.csv,0.36894824707846413,0.19718309859154928,NecrosisInColonies,MCF10A+7-20-23_10arednuclei_roi#10_annotation_nec.csv,MCF10A,field11_colony,Necrosis,142,0.0,30,50
7-20-23_10arednuclei_ROI#13_or14_both_colonies_annotation_apop.csv,0.24783961285862424,0.14919354838709678,ApoptosisInColonies,MCF10A+7-20-23_10arednuclei_roi#13_or14_both_colonies_annotation_apop.csv,MCF10A,field14_two_colony,Apoptosis,248,0.0,30,50
7-20-23_10arednuclei_ROI#13_or14_both_colonies_annotation_nec.csv,0.57981220657277,0.15273775216138327,NecrosisInColonies,MCF10A+7-20-23_10arednuclei_roi#13_or14_both_colonies_annotation_nec.csv,MCF10A,field14_two_colony,Necrosis,348,0.0,30,50
field13_crop-001_ROI#1_annotation_mixed.csv,0.34706664135181325,0.15567765567765568,MixedColony,MCF10A+field13_crop-001_roi#1_annotation_mixed.csv,MCF10A,field13_colony,mixed,546,0.0,30,50
Field14-002_ROI#1_annotation_mixed.csv,0.35092851691681515,0.15023474178403756,MixedColony,MCF10A+field14-002_roi#1_annotation_mixed.csv,MCF10A,field14_colony,mixed,641,0.0,30,50
7-20-23_10arednuclei_ROI#10_annotation_mixed.csv,0.25509696668324217,0.15873015873015872,MixedColony,MCF10A+7-20-23_10arednuclei_roi#10_annotation_mixed.csv,MCF10A,field11_colony,mixed,200,0.0,30,50
7-20-23_10arednuclei_ROI#13_or14_both_colonies_annotation_mixed.csv,0.617864243112752,0.14453781512605043,MixedColony,MCF10A+7-20-23_10arednuclei_roi#13_or14_both_colonies_annotation_mixed.csv,MCF10A,field14_two_colony,mixed,596,0.0,30,50
purecolony3_sytox_based.csv,0.13293650793650796,0.22348484848484848,MixedColony,MCF10A+purecolony3_sytox_based.csv,MCF10A,pure_colony_3,Necrosis,818,0.0,30,50
purecolony_sytox_based.csv,0.20329422382671486,0.17019027484143764,MixedColony,MCF10A+purecolony_sytox_based.csv,MCF10A,pure_colony_1,Necrosis,930,0.0,30,50
purecolony2_sytox_based.csv,0.121564182487957,0.2,MixedColony,MCF10A+purecolony2_sytox_based.csv,MCF10A,pure_colony_2,Necrosis,975,0.0,30,50
mixcolony1.csv,0.3705041878797833,0.17507418397626112,MixedColony,MCF10A+mixcolony1.csv,MCF10A,mix_colony_1,mixed,337,0.0,30,50
mixcolony2_field13.csv,0.4372676579925651,0.14555765595463138,MixedColony,MCF10A+mixcolony2_field13.csv,MCF10A,mix_colony_2,mixed,529,0.0,30,50
mixcolony3.csv,0.12391530718500522,0.25961538461538464,MixedColony,MCF10A+mixcolony3.csv,MCF10A,mix_colony_3,mixed,208,0.0,30,50
20181227_MCF10A_SKT_xy1.csv,0.41666666666666663,0.7757575757575758,MixedColony,MCF10A+TRAIL,MCF10A,skt_1,Apoptosis,165,0.0,30,50
20181227_MCF10A_SKT_xy2.csv,-0.0625000000000001,0.9071428571428571,MixedColony,MCF10A+TRAIL,MCF10A,skt_2,Apoptosis,140,0.059,30,50
20181227_MCF10A_SKT_xy3.csv,0.05714285714285714,0.8755980861244019,MixedColony,MCF10A+TRAIL,MCF10A,skt_3,Apoptosis,209,0.024,30,50
20181227_MCF10A_SKT_xy4.csv,0.1290322580645162,0.8894736842105263,MixedColony,MCF10A+TRAIL,MCF10A,skt_4,Apoptosis,190,0.009,30,50
20181227_MCF10A_SKT_xy5.csv,0.3684210526315789,0.9125,MixedColony,MCF10A+TRAIL,MCF10A,skt_5,Apoptosis,160,0.0,30,50
3-11-23_10ah2bmch_ml+zvad_fullmedia_puredeath1_sytox_based.csv,0.16324147594581973,0.197352587244284,MixedColony,MCF10A+3-11-23_10ah2bmch_ml+zvad_fullmedia_puredeath1_sytox_based.csv,MCF10A,pure_death_1,Necrosis,831,0.0,30,50
3-11-23_10ah2bmch_ml+zvad_fullmedia_puredeath2_sytox_based.csv,0.25394235997824893,0.1777434312210201,MixedColony,MCF10A+3-11-23_10ah2bmch_ml+zvad_fullmedia_puredeath2_sytox_based.csv,MCF10A,pure_death_2,Necrosis,647,0.0,30,50
3-11-23_10ah2bmch_ml+zvad_fullmedia_puredeath3_sytox_based.csv,0.01680672268907563,0.21739130434782608,MixedColony,MCF10A+3-11-23_10ah2bmch_ml+zvad_fullmedia_puredeath3_sytox_based.csv,MCF10A,pure_death_3,Necrosis,22,0.036,30,50
field13_crop-001_ROI#1_annotation_apop.csv,0.09468438538205985,0.2109704641350211,ApoptosisInColonies,MCF10A+field13_crop-001_roi#1_annotation_apop.csv,MCF10A,field13_colony,Apoptosis,237,0.0,60,50
field13_crop-001_ROI#1_annotation_nec.csv,0.29170549860205036,0.20388349514563106,NecrosisInColonies,MCF10A+field13_crop-001_roi#1_annotation_nec.csv,MCF10A,field13_colony,Necrosis,309,0.0,60,50
Field14-002_ROI#1_annotation_apop.csv,0.16661853883915684,0.20103092783505155,ApoptosisInColonies,MCF10A+field14-002_roi#1_annotation_apop.csv,MCF10A,field14_colony,Apoptosis,387,0.0,60,50
Field14-002_ROI#1_annotation_nec.csv,0.2996706915477497,0.22088353413654618,NecrosisInColonies,MCF10A+field14-002_roi#1_annotation_nec.csv,MCF10A,field14_colony,Necrosis,249,0.0,60,50
7-20-23_10arednuclei_ROI#10_annotation_apop.csv,-0.5097402597402596,0.3404255319148936,ApoptosisInColonies,MCF10A+7-20-23_10arednuclei_roi#10_annotation_apop.csv,MCF10A,field11_colony,Apoptosis,47,0.533,60,50
7-20-23_10arednuclei_ROI#10_annotation_nec.csv,0.3571428571428572,0.22535211267605634,NecrosisInColonies,MCF10A+7-20-23_10arednuclei_roi#10_annotation_nec.csv,MCF10A,field11_colony,Necrosis,142,0.0,60,50
7-20-23_10arednuclei_ROI#13_or14_both_colonies_annotation_apop.csv,0.24704545454545454,0.1693548387096774,ApoptosisInColonies,MCF10A+7-20-23_10arednuclei_roi#13_or14_both_colonies_annotation_apop.csv,MCF10A,field14_two_colony,Apoptosis,248,0.0,60,50
7-20-23_10arednuclei_ROI#13_or14_both_colonies_annotation_nec.csv,0.5793103448275863,0.2017291066282421,NecrosisInColonies,MCF10A+7-20-23_10arednuclei_roi#13_or14_both_colonies_annotation_nec.csv,MCF10A,field14_two_colony,Necrosis,348,0.0,60,50
field13_crop-001_ROI#1_annotation_mixed.csv,0.3445714285714286,0.17582417582417584,MixedColony,MCF10A+field13_crop-001_roi#1_annotation_mixed.csv,MCF10A,field13_colony,mixed,546,0.0,60,50
Field14-002_ROI#1_annotation_mixed.csv,0.35064935064935077,0.17214397496087636,MixedColony,MCF10A+field14-002_roi#1_annotation_mixed.csv,MCF10A,field14_colony,mixed,641,0.0,60,50
7-20-23_10arednuclei_ROI#10_annotation_mixed.csv,0.24875124875124877,0.17989417989417988,MixedColony,MCF10A+7-20-23_10arednuclei_roi#10_annotation_mixed.csv,MCF10A,field11_colony,mixed,200,0.0,60,50
7-20-23_10arednuclei_ROI#13_or14_both_colonies_annotation_mixed.csv,0.6176941176470588,0.17983193277310924,MixedColony,MCF10A+7-20-23_10arednuclei_roi#13_or14_both_colonies_annotation_mixed.csv,MCF10A,field14_two_colony,mixed,596,0.0,60,50
purecolony3_sytox_based.csv,0.10896130346232184,0.23863636363636365,MixedColony,MCF10A+purecolony3_sytox_based.csv,MCF10A,pure_colony_3,Necrosis,818,0.0,60,50
purecolony_sytox_based.csv,0.20627998255560412,0.20507399577167018,MixedColony,MCF10A+purecolony_sytox_based.csv,MCF10A,pure_colony_1,Necrosis,930,0.0,60,50
purecolony2_sytox_based.csv,0.09490579204466153,0.23425925925925925,MixedColony,MCF10A+purecolony2_sytox_based.csv,MCF10A,pure_colony_2,Necrosis,975,0.0,60,50
mixcolony1.csv,0.3588987217305801,0.19584569732937684,MixedColony,MCF10A+mixcolony1.csv,MCF10A,mix_colony_1,mixed,337,0.0,60,50
mixcolony2_field13.csv,0.43693379790940773,0.18714555765595464,MixedColony,MCF10A+mixcolony2_field13.csv,MCF10A,mix_colony_2,mixed,529,0.0,60,50
mixcolony3.csv,0.11203897007654841,0.27403846153846156,MixedColony,MCF10A+mixcolony3.csv,MCF10A,mix_colony_3,mixed,208,0.0,60,50
20181227_MCF10A_SKT_xy1.csv,0.43589743589743585,0.7757575757575758,MixedColony,MCF10A+TRAIL,MCF10A,skt_1,Apoptosis,165,0.0,60,50
20181227_MCF10A_SKT_xy2.csv,-0.24999999999999994,0.9071428571428571,MixedColony,MCF10A+TRAIL,MCF10A,skt_2,Apoptosis,140,0.138,60,50
20181227_MCF10A_SKT_xy3.csv,0.0,0.8803827751196173,MixedColony,MCF10A+TRAIL,MCF10A,skt_3,Apoptosis,209,0.031,60,50
20181227_MCF10A_SKT_xy4.csv,0.0,0.8947368421052632,MixedColony,MCF10A+TRAIL,MCF10A,skt_4,Apoptosis,190,0.049,60,50
20181227_MCF10A_SKT_xy5.csv,0.375,0.9125,MixedColony,MCF10A+TRAIL,MCF10A,skt_5,Apoptosis,160,0.0,60,50
3-11-23_10ah2bmch_ml+zvad_fullmedia_puredeath1_sytox_based.csv,0.1628462273161413,0.22021660649819494,MixedColony,MCF10A+3-11-23_10ah2bmch_ml+zvad_fullmedia_puredeath1_sytox_based.csv,MCF10A,pure_death_1,Necrosis,831,0.0,60,50
3-11-23_10ah2bmch_ml+zvad_fullmedia_puredeath2_sytox_based.csv,0.2552370452039691,0.19938176197836166,MixedColony,MCF10A+3-11-23_10ah2bmch_ml+zvad_fullmedia_puredeath2_sytox_based.csv,MCF10A,pure_death_2,Necrosis,647,0.0,60,50
3-11-23_10ah2bmch_ml+zvad_fullmedia_puredeath3_sytox_based.csv,-0.03278688524590164,0.21739130434782608,MixedColony,MCF10A+3-11-23_10ah2bmch_ml+zvad_fullmedia_puredeath3_sytox_based.csv,MCF10A,pure_death_3,Necrosis,22,0.065,60,50
field13_crop-001_ROI#1_annotation_apop.csv,0.08764607679465779,0.22784810126582278,ApoptosisInColonies,MCF10A+field13_crop-001_roi#1_annotation_apop.csv,MCF10A,field13_colony,Apoptosis,237,0.0,90,50
field13_crop-001_ROI#1_annotation_nec.csv,0.273492286115007,0.23624595469255663,NecrosisInColonies,MCF10A+field13_crop-001_roi#1_annotation_nec.csv,MCF10A,field13_colony,Necrosis,309,0.0,90,50
Field14-002_ROI#1_annotation_apop.csv,0.1574154379878578,0.21649484536082475,ApoptosisInColonies,MCF10A+field14-002_roi#1_annotation_apop.csv,MCF10A,field14_colony,Apoptosis,387,0.0,90,50
Field14-002_ROI#1_annotation_nec.csv,0.2861788617886179,0.24899598393574296,NecrosisInColonies,MCF10A+field14-002_roi#1_annotation_nec.csv,MCF10A,field14_colony,Necrosis,249,0.0,90,50
7-20-23_10arednuclei_ROI#10_annotation_apop.csv,-0.5317073170731709,0.3191489361702128,ApoptosisInColonies,MCF10A+7-20-23_10arednuclei_roi#10_annotation_apop.csv,MCF10A,field11_colony,Apoptosis,47,0.589,90,50
7-20-23_10arednuclei_ROI#10_annotation_nec.csv,0.35483870967741943,0.23943661971830985,NecrosisInColonies,MCF10A+7-20-23_10arednuclei_roi#10_annotation_nec.csv,MCF10A,field11_colony,Necrosis,142,0.0,90,50
7-20-23_10arednuclei_ROI#13_or14_both_colonies_annotation_apop.csv,0.24948382656572607,0.1693548387096774,ApoptosisInColonies,MCF10A+7-20-23_10arednuclei_roi#13_or14_both_colonies_annotation_apop.csv,MCF10A,field14_two_colony,Apoptosis,248,0.0,90,50
7-20-23_10arednuclei_ROI#13_or14_both_colonies_annotation_nec.csv,0.5806122448979592,0.21613832853025935,NecrosisInColonies,MCF10A+7-20-23_10arednuclei_roi#13_or14_both_colonies_annotation_nec.csv,MCF10A,field14_two_colony,Necrosis,348,0.0,90,50
field13_crop-001_ROI#1_annotation_mixed.csv,0.34303652968036524,0.1978021978021978,MixedColony,MCF10A+field13_crop-001_roi#1_annotation_mixed.csv,MCF10A,field13_colony,mixed,546,0.0,90,50
Field14-002_ROI#1_annotation_mixed.csv,0.3459715639810428,0.18622848200312989,MixedColony,MCF10A+field14-002_roi#1_annotation_mixed.csv,MCF10A,field14_colony,mixed,641,0.0,90,50
7-20-23_10arednuclei_ROI#10_annotation_mixed.csv,0.2424924924924925,0.19576719576719576,MixedColony,MCF10A+7-20-23_10arednuclei_roi#10_annotation_mixed.csv,MCF10A,field11_colony,mixed,200,0.0,90,50
7-20-23_10arednuclei_ROI#13_or14_both_colonies_annotation_mixed.csv,0.6170697012802276,0.18487394957983194,MixedColony,MCF10A+7-20-23_10arednuclei_roi#13_or14_both_colonies_annotation_mixed.csv,MCF10A,field14_two_colony,mixed,596,0.0,90,50
purecolony3_sytox_based.csv,0.04190751445086705,0.24494949494949494,MixedColony,MCF10A+purecolony3_sytox_based.csv,MCF10A,pure_colony_3,Necrosis,818,0.0,90,50
purecolony_sytox_based.csv,0.1441374159820762,0.22410147991543342,MixedColony,MCF10A+purecolony_sytox_based.csv,MCF10A,pure_colony_1,Necrosis,930,0.0,90,50
purecolony2_sytox_based.csv,0.004184100418409912,0.24814814814814815,MixedColony,MCF10A+purecolony2_sytox_based.csv,MCF10A,pure_colony_2,Necrosis,975,0.034,90,50
mixcolony1.csv,0.3699507389162562,0.2344213649851632,MixedColony,MCF10A+mixcolony1.csv,MCF10A,mix_colony_1,mixed,337,0.0,90,50
mixcolony2_field13.csv,0.44440607734806625,0.2060491493383743,MixedColony,MCF10A+mixcolony2_field13.csv,MCF10A,mix_colony_2,mixed,529,0.0,90,50
mixcolony3.csv,0.12721584984358708,0.30288461538461536,MixedColony,MCF10A+mixcolony3.csv,MCF10A,mix_colony_3,mixed,208,0.0,90,50
20181227_MCF10A_SKT_xy1.csv,0.3636363636363636,0.7757575757575758,MixedColony,MCF10A+TRAIL,MCF10A,skt_1,Apoptosis,165,0.0,90,50
20181227_MCF10A_SKT_xy2.csv,0.5,0.9214285714285714,MixedColony,MCF10A+TRAIL,MCF10A,skt_2,Apoptosis,140,0.002,90,50
20181227_MCF10A_SKT_xy3.csv,0.0,0.8755980861244019,MixedColony,MCF10A+TRAIL,MCF10A,skt_3,Apoptosis,209,0.023,90,50
20181227_MCF10A_SKT_xy4.csv,0.11111111111111104,0.8894736842105263,MixedColony,MCF10A+TRAIL,MCF10A,skt_4,Apoptosis,190,0.021,90,50
20181227_MCF10A_SKT_xy5.csv,0.2,0.9125,MixedColony,MCF10A+TRAIL,MCF10A,skt_5,Apoptosis,160,0.013,90,50
3-11-23_10ah2bmch_ml+zvad_fullmedia_puredeath1_sytox_based.csv,0.1527689369828135,0.2322503008423586,MixedColony,MCF10A+3-11-23_10ah2bmch_ml+zvad_fullmedia_puredeath1_sytox_based.csv,MCF10A,pure_death_1,Necrosis,831,0.0,90,50
3-11-23_10ah2bmch_ml+zvad_fullmedia_puredeath2_sytox_based.csv,0.2177033492822967,0.20865533230293662,MixedColony,MCF10A+3-11-23_10ah2bmch_ml+zvad_fullmedia_puredeath2_sytox_based.csv,MCF10A,pure_death_2,Necrosis,647,0.0,90,50
3-11-23_10ah2bmch_ml+zvad_fullmedia_puredeath3_sytox_based.csv,0.046511627906976744,0.21739130434782608,MixedColony,MCF10A+3-11-23_10ah2bmch_ml+zvad_fullmedia_puredeath3_sytox_based.csv,MCF10A,pure_death_3,Necrosis,22,0.02,90,50
field13_crop-001_ROI#1_annotation_apop.csv,0.08542141230068338,0.23628691983122363,ApoptosisInColonies,MCF10A+field13_crop-001_roi#1_annotation_apop.csv,MCF10A,field13_colony,Apoptosis,237,0.0,120,50
field13_crop-001_ROI#1_annotation_nec.csv,0.34086956521739126,0.255663430420712,NecrosisInColonies,MCF10A+field13_crop-001_roi#1_annotation_nec.csv,MCF10A,field13_colony,Necrosis,309,0.0,120,50
Field14-002_ROI#1_annotation_apop.csv,0.17126436781609192,0.22422680412371135,ApoptosisInColonies,MCF10A+field14-002_roi#1_annotation_apop.csv,MCF10A,field14_colony,Apoptosis,387,0.0,120,50
Field14-002_ROI#1_annotation_nec.csv,0.3213530655391121,0.26506024096385544,NecrosisInColonies,MCF10A+field14-002_roi#1_annotation_nec.csv,MCF10A,field14_colony,Necrosis,249,0.0,120,50
7-20-23_10arednuclei_ROI#10_annotation_apop.csv,-0.4935897435897436,0.3404255319148936,ApoptosisInColonies,MCF10A+7-20-23_10arednuclei_roi#10_annotation_apop.csv,MCF10A,field11_colony,Apoptosis,47,0.518,120,50
7-20-23_10arednuclei_ROI#10_annotation_nec.csv,0.3385300668151447,0.2535211267605634,NecrosisInColonies,MCF10A+7-20-23_10arednuclei_roi#10_annotation_nec.csv,MCF10A,field11_colony,Necrosis,142,0.0,120,50
7-20-23_10arednuclei_ROI#13_or14_both_colonies_annotation_apop.csv,0.24813432835820892,0.1774193548387097,ApoptosisInColonies,MCF10A+7-20-23_10arednuclei_roi#13_or14_both_colonies_annotation_apop.csv,MCF10A,field14_two_colony,Apoptosis,248,0.0,120,50
7-20-23_10arednuclei_ROI#13_or14_both_colonies_annotation_nec.csv,0.5477453580901857,0.2334293948126801,NecrosisInColonies,MCF10A+7-20-23_10arednuclei_roi#13_or14_both_colonies_annotation_nec.csv,MCF10A,field14_two_colony,Necrosis,348,0.0,120,50
field13_crop-001_ROI#1_annotation_mixed.csv,0.3641141141141141,0.20512820512820512,MixedColony,MCF10A+field13_crop-001_roi#1_annotation_mixed.csv,MCF10A,field13_colony,mixed,546,0.0,120,50
Field14-002_ROI#1_annotation_mixed.csv,0.35428862305930264,0.19718309859154928,MixedColony,MCF10A+field14-002_roi#1_annotation_mixed.csv,MCF10A,field14_colony,mixed,641,0.0,120,50
7-20-23_10arednuclei_ROI#10_annotation_mixed.csv,0.24035608308605336,0.20634920634920634,MixedColony,MCF10A+7-20-23_10arednuclei_roi#10_annotation_mixed.csv,MCF10A,field11_colony,mixed,200,0.0,120,50
7-20-23_10arednuclei_ROI#13_or14_both_colonies_annotation_mixed.csv,0.6166856708475864,0.20504201680672268,MixedColony,MCF10A+7-20-23_10arednuclei_roi#13_or14_both_colonies_annotation_mixed.csv,MCF10A,field14_two_colony,mixed,596,0.0,120,50
purecolony3_sytox_based.csv,0.17914438502673802,0.255050505050505,MixedColony,MCF10A+purecolony3_sytox_based.csv,MCF10A,pure_colony_3,Necrosis,818,0.0,120,50
purecolony_sytox_based.csv,0.24641148325358858,0.22410147991543342,MixedColony,MCF10A+purecolony_sytox_based.csv,MCF10A,pure_colony_1,Necrosis,930,0.0,120,50
purecolony2_sytox_based.csv,0.13766519823788542,0.2324074074074074,MixedColony,MCF10A+purecolony2_sytox_based.csv,MCF10A,pure_colony_2,Necrosis,975,0.0,120,50
mixcolony1.csv,0.3752417794970986,0.2433234421364985,MixedColony,MCF10A+mixcolony1.csv,MCF10A,mix_colony_1,mixed,337,0.0,120,50
mixcolony2_field13.csv,0.43482352941176466,0.21550094517958412,MixedColony,MCF10A+mixcolony2_field13.csv,MCF10A,mix_colony_2,mixed,529,0.0,120,50
mixcolony3.csv,0.1100412654745528,0.28846153846153844,MixedColony,MCF10A+mixcolony3.csv,MCF10A,mix_colony_3,mixed,208,0.0,120,50
20181227_MCF10A_SKT_xy1.csv,0.4666666666666667,0.7757575757575758,MixedColony,MCF10A+TRAIL,MCF10A,skt_1,Apoptosis,165,0.0,120,50
20181227_MCF10A_SKT_xy2.csv,-0.5000000000000001,0.9071428571428571,MixedColony,MCF10A+TRAIL,MCF10A,skt_2,Apoptosis,140,0.106,120,50
20181227_MCF10A_SKT_xy3.csv,-1.0,0.8803827751196173,MixedColony,MCF10A+TRAIL,MCF10A,skt_3,Apoptosis,209,0.263,120,50
20181227_MCF10A_SKT_xy4.csv,-1.5,0.8947368421052632,MixedColony,MCF10A+TRAIL,MCF10A,skt_4,Apoptosis,190,0.361,120,50
20181227_MCF10A_SKT_xy5.csv,0.5,0.9125,MixedColony,MCF10A+TRAIL,MCF10A,skt_5,Apoptosis,160,0.002,120,50
3-11-23_10ah2bmch_ml+zvad_fullmedia_puredeath1_sytox_based.csv,0.23022709475332817,0.2286401925391095,MixedColony,MCF10A+3-11-23_10ah2bmch_ml+zvad_fullmedia_puredeath1_sytox_based.csv,MCF10A,pure_death_1,Necrosis,831,0.0,120,50
3-11-23_10ah2bmch_ml+zvad_fullmedia_puredeath2_sytox_based.csv,0.28064842958459973,0.21483771251931993,MixedColony,MCF10A+3-11-23_10ah2bmch_ml+zvad_fullmedia_puredeath2_sytox_based.csv,MCF10A,pure_death_2,Necrosis,647,0.0,120,50
3-11-23_10ah2bmch_ml+zvad_fullmedia_puredeath3_sytox_based.csv,0.043478260869565216,0.30434782608695654,MixedColony,MCF10A+3-11-23_10ah2bmch_ml+zvad_fullmedia_puredeath3_sytox_based.csv,MCF10A,pure_death_3,Necrosis,22,0.033,120,50
field13_crop-001_ROI#1_annotation_apop.csv,0.058252427184466035,0.14767932489451477,ApoptosisInColonies,MCF10A+field13_crop-001_roi#1_annotation_apop.csv,MCF10A,field13_colony,Apoptosis,237,0.0,5,100
field13_crop-001_ROI#1_annotation_nec.csv,0.2629846902275003,0.11003236245954692,NecrosisInColonies,MCF10A+field13_crop-001_roi#1_annotation_nec.csv,MCF10A,field13_colony,Necrosis,309,0.0,5,100
Field14-002_ROI#1_annotation_apop.csv,0.16240928882438324,0.14432989690721648,ApoptosisInColonies,MCF10A+field14-002_roi#1_annotation_apop.csv,MCF10A,field14_colony,Apoptosis,387,0.0,5,100
Field14-002_ROI#1_annotation_nec.csv,0.21011549183592193,0.12449799196787148,NecrosisInColonies,MCF10A+field14-002_roi#1_annotation_nec.csv,MCF10A,field14_colony,Necrosis,249,0.0,5,100
7-20-23_10arednuclei_ROI#10_annotation_apop.csv,0.035739313244568985,0.1702127659574468,ApoptosisInColonies,MCF10A+7-20-23_10arednuclei_roi#10_annotation_apop.csv,MCF10A,field11_colony,Apoptosis,47,0.029,5,100
7-20-23_10arednuclei_ROI#10_annotation_nec.csv,0.32302300777083653,0.14788732394366197,NecrosisInColonies,MCF10A+7-20-23_10arednuclei_roi#10_annotation_nec.csv,MCF10A,field11_colony,Necrosis,142,0.0,5,100
7-20-23_10arednuclei_ROI#13_or14_both_colonies_annotation_apop.csv,0.24732762737391167,0.14112903225806453,ApoptosisInColonies,MCF10A+7-20-23_10arednuclei_roi#13_or14_both_colonies_annotation_apop.csv,MCF10A,field14_two_colony,Apoptosis,248,0.0,5,100
7-20-23_10arednuclei_ROI#13_or14_both_colonies_annotation_nec.csv,0.5477506775067751,0.0893371757925072,NecrosisInColonies,MCF10A+7-20-23_10arednuclei_roi#13_or14_both_colonies_annotation_nec.csv,MCF10A,field14_two_colony,Necrosis,348,0.0,5,100
field13_crop-001_ROI#1_annotation_mixed.csv,0.33396063429382367,0.11904761904761904,MixedColony,MCF10A+field13_crop-001_roi#1_annotation_mixed.csv,MCF10A,field13_colony,mixed,546,0.0,5,100
Field14-002_ROI#1_annotation_mixed.csv,0.3330068758014196,0.1267605633802817,MixedColony,MCF10A+field14-002_roi#1_annotation_mixed.csv,MCF10A,field14_colony,mixed,641,0.0,5,100
7-20-23_10arednuclei_ROI#10_annotation_mixed.csv,0.2580150329805185,0.12169312169312169,MixedColony,MCF10A+7-20-23_10arednuclei_roi#10_annotation_mixed.csv,MCF10A,field11_colony,mixed,200,0.0,5,100
7-20-23_10arednuclei_ROI#13_or14_both_colonies_annotation_mixed.csv,0.6098009751908983,0.1092436974789916,MixedColony,MCF10A+7-20-23_10arednuclei_roi#13_or14_both_colonies_annotation_mixed.csv,MCF10A,field14_two_colony,mixed,596,0.0,5,100
purecolony3_sytox_based.csv,0.09200968523002422,0.14898989898989898,MixedColony,MCF10A+purecolony3_sytox_based.csv,MCF10A,pure_colony_3,Necrosis,818,0.0,5,100
purecolony_sytox_based.csv,0.19621329783300048,0.12790697674418605,MixedColony,MCF10A+purecolony_sytox_based.csv,MCF10A,pure_colony_1,Necrosis,930,0.0,5,100
purecolony2_sytox_based.csv,0.12459340970159809,0.1398148148148148,MixedColony,MCF10A+purecolony2_sytox_based.csv,MCF10A,pure_colony_2,Necrosis,975,0.0,5,100
mixcolony1.csv,0.2903703018815589,0.10385756676557864,MixedColony,MCF10A+mixcolony1.csv,MCF10A,mix_colony_1,mixed,337,0.0,5,100
mixcolony2_field13.csv,0.37196993754631097,0.10207939508506617,MixedColony,MCF10A+mixcolony2_field13.csv,MCF10A,mix_colony_2,mixed,529,0.0,5,100
mixcolony3.csv,0.11739024981809372,0.1346153846153846,MixedColony,MCF10A+mixcolony3.csv,MCF10A,mix_colony_3,mixed,208,0.0,5,100
20181227_MCF10A_SKT_xy1.csv,0.17554240631163706,0.3333333333333333,MixedColony,MCF10A+TRAIL,MCF10A,skt_1,Apoptosis,165,0.0,5,100
20181227_MCF10A_SKT_xy2.csv,0.1975560081466396,0.4357142857142857,MixedColony,MCF10A+TRAIL,MCF10A,skt_2,Apoptosis,140,0.0,5,100
20181227_MCF10A_SKT_xy3.csv,0.08045977011494254,0.40669856459330145,MixedColony,MCF10A+TRAIL,MCF10A,skt_3,Apoptosis,209,0.002,5,100
20181227_MCF10A_SKT_xy4.csv,0.22471910112359553,0.39473684210526316,MixedColony,MCF10A+TRAIL,MCF10A,skt_4,Apoptosis,190,0.0,5,100
20181227_MCF10A_SKT_xy5.csv,0.07020872865275131,0.44375,MixedColony,MCF10A+TRAIL,MCF10A,skt_5,Apoptosis,160,0.004,5,100
3-11-23_10ah2bmch_ml+zvad_fullmedia_puredeath1_sytox_based.csv,0.15842911877394636,0.15162454873646208,MixedColony,MCF10A+3-11-23_10ah2bmch_ml+zvad_fullmedia_puredeath1_sytox_based.csv,MCF10A,pure_death_1,Necrosis,831,0.0,5,100
3-11-23_10ah2bmch_ml+zvad_fullmedia_puredeath2_sytox_based.csv,0.2531324980005331,0.13292117465224113,MixedColony,MCF10A+3-11-23_10ah2bmch_ml+zvad_fullmedia_puredeath2_sytox_based.csv,MCF10A,pure_death_2,Necrosis,647,0.0,5,100
3-11-23_10ah2bmch_ml+zvad_fullmedia_puredeath3_sytox_based.csv,-0.08962264150943393,0.17391304347826086,MixedColony,MCF10A+3-11-23_10ah2bmch_ml+zvad_fullmedia_puredeath3_sytox_based.csv,MCF10A,pure_death_3,Necrosis,22,0.198,5,100
field13_crop-001_ROI#1_annotation_apop.csv,0.057838179519595426,0.1518987341772152,ApoptosisInColonies,MCF10A+field13_crop-001_roi#1_annotation_apop.csv,MCF10A,field13_colony,Apoptosis,237,0.0,10,100
field13_crop-001_ROI#1_annotation_nec.csv,0.2625786163522012,0.11974110032362459,NecrosisInColonies,MCF10A+field13_crop-001_roi#1_annotation_nec.csv,MCF10A,field13_colony,Necrosis,309,0.0,10,100
Field14-002_ROI#1_annotation_apop.csv,0.16231799892147514,0.15206185567010308,ApoptosisInColonies,MCF10A+field14-002_roi#1_annotation_apop.csv,MCF10A,field14_colony,Apoptosis,387,0.0,10,100
Field14-002_ROI#1_annotation_nec.csv,0.20323510570147332,0.13654618473895583,NecrosisInColonies,MCF10A+field14-002_roi#1_annotation_nec.csv,MCF10A,field14_colony,Necrosis,249,0.0,10,100
7-20-23_10arednuclei_ROI#10_annotation_apop.csv,0.03438596491228065,0.1702127659574468,ApoptosisInColonies,MCF10A+7-20-23_10arednuclei_roi#10_annotation_apop.csv,MCF10A,field11_colony,Apoptosis,47,0.027,10,100
7-20-23_10arednuclei_ROI#10_annotation_nec.csv,0.32302300777083653,0.14788732394366197,NecrosisInColonies,MCF10A+7-20-23_10arednuclei_roi#10_annotation_nec.csv,MCF10A,field11_colony,Necrosis,142,0.0,10,100
7-20-23_10arednuclei_ROI#13_or14_both_colonies_annotation_apop.csv,0.2448588486769366,0.14112903225806453,ApoptosisInColonies,MCF10A+7-20-23_10arednuclei_roi#13_or14_both_colonies_annotation_apop.csv,MCF10A,field14_two_colony,Apoptosis,248,0.0,10,100
7-20-23_10arednuclei_ROI#13_or14_both_colonies_annotation_nec.csv,0.5464724426568105,0.0893371757925072,NecrosisInColonies,MCF10A+7-20-23_10arednuclei_roi#13_or14_both_colonies_annotation_nec.csv,MCF10A,field14_two_colony,Necrosis,348,0.0,10,100
field13_crop-001_ROI#1_annotation_mixed.csv,0.3311047141486365,0.12637362637362637,MixedColony,MCF10A+field13_crop-001_roi#1_annotation_mixed.csv,MCF10A,field13_colony,mixed,546,0.0,10,100
Field14-002_ROI#1_annotation_mixed.csv,0.33252549732404324,0.13458528951486698,MixedColony,MCF10A+field14-002_roi#1_annotation_mixed.csv,MCF10A,field14_colony,mixed,641,0.0,10,100
7-20-23_10arednuclei_ROI#10_annotation_mixed.csv,0.2583563324133702,0.12169312169312169,MixedColony,MCF10A+7-20-23_10arednuclei_roi#10_annotation_mixed.csv,MCF10A,field11_colony,mixed,200,0.0,10,100
7-20-23_10arednuclei_ROI#13_or14_both_colonies_annotation_mixed.csv,0.6101237896801079,0.1092436974789916,MixedColony,MCF10A+7-20-23_10arednuclei_roi#13_or14_both_colonies_annotation_mixed.csv,MCF10A,field14_two_colony,mixed,596,0.0,10,100
purecolony3_sytox_based.csv,0.09485210466439141,0.1691919191919192,MixedColony,MCF10A+purecolony3_sytox_based.csv,MCF10A,pure_colony_3,Necrosis,818,0.0,10,100
purecolony_sytox_based.csv,0.1933525797616404,0.1331923890063425,MixedColony,MCF10A+purecolony_sytox_based.csv,MCF10A,pure_colony_1,Necrosis,930,0.0,10,100
purecolony2_sytox_based.csv,0.1235244121257909,0.15185185185185185,MixedColony,MCF10A+purecolony2_sytox_based.csv,MCF10A,pure_colony_2,Necrosis,975,0.0,10,100
mixcolony1.csv,0.290599870598022,0.10385756676557864,MixedColony,MCF10A+mixcolony1.csv,MCF10A,mix_colony_1,mixed,337,0.0,10,100
mixcolony2_field13.csv,0.37358344478074196,0.10207939508506617,MixedColony,MCF10A+mixcolony2_field13.csv,MCF10A,mix_colony_2,mixed,529,0.0,10,100
mixcolony3.csv,0.12016441005802714,0.1346153846153846,MixedColony,MCF10A+mixcolony3.csv,MCF10A,mix_colony_3,mixed,208,0.0,10,100
20181227_MCF10A_SKT_xy1.csv,0.1667774086378738,0.3333333333333333,MixedColony,MCF10A+TRAIL,MCF10A,skt_1,Apoptosis,165,0.0,10,100
20181227_MCF10A_SKT_xy2.csv,0.18963165075034105,0.4357142857142857,MixedColony,MCF10A+TRAIL,MCF10A,skt_2,Apoptosis,140,0.0,10,100
20181227_MCF10A_SKT_xy3.csv,0.08971553610503286,0.40669856459330145,MixedColony,MCF10A+TRAIL,MCF10A,skt_3,Apoptosis,209,0.0,10,100
20181227_MCF10A_SKT_xy4.csv,0.21109902067464645,0.39473684210526316,MixedColony,MCF10A+TRAIL,MCF10A,skt_4,Apoptosis,190,0.0,10,100
20181227_MCF10A_SKT_xy5.csv,0.08585858585858598,0.44375,MixedColony,MCF10A+TRAIL,MCF10A,skt_5,Apoptosis,160,0.0,10,100
3-11-23_10ah2bmch_ml+zvad_fullmedia_puredeath1_sytox_based.csv,0.16311839485372948,0.1588447653429603,MixedColony,MCF10A+3-11-23_10ah2bmch_ml+zvad_fullmedia_puredeath1_sytox_based.csv,MCF10A,pure_death_1,Necrosis,831,0.0,10,100
3-11-23_10ah2bmch_ml+zvad_fullmedia_puredeath2_sytox_based.csv,0.25338078291814947,0.14837712519319937,MixedColony,MCF10A+3-11-23_10ah2bmch_ml+zvad_fullmedia_puredeath2_sytox_based.csv,MCF10A,pure_death_2,Necrosis,647,0.0,10,100
3-11-23_10ah2bmch_ml+zvad_fullmedia_puredeath3_sytox_based.csv,-0.10401891252955082,0.17391304347826086,MixedColony,MCF10A+3-11-23_10ah2bmch_ml+zvad_fullmedia_puredeath3_sytox_based.csv,MCF10A,pure_death_3,Necrosis,22,0.207,10,100
field13_crop-001_ROI#1_annotation_apop.csv,0.0596308566019877,0.1729957805907173,ApoptosisInColonies,MCF10A+field13_crop-001_roi#1_annotation_apop.csv,MCF10A,field13_colony,Apoptosis,237,0.001,30,100
field13_crop-001_ROI#1_annotation_nec.csv,0.25770547945205474,0.16828478964401294,NecrosisInColonies,MCF10A+field13_crop-001_roi#1_annotation_nec.csv,MCF10A,field13_colony,Necrosis,309,0.0,30,100
Field14-002_ROI#1_annotation_apop.csv,0.16152314584370334,0.15721649484536082,ApoptosisInColonies,MCF10A+field14-002_roi#1_annotation_apop.csv,MCF10A,field14_colony,Apoptosis,387,0.0,30,100
Field14-002_ROI#1_annotation_nec.csv,0.19730510105871027,0.15261044176706828,NecrosisInColonies,MCF10A+field14-002_roi#1_annotation_nec.csv,MCF10A,field14_colony,Necrosis,249,0.0,30,100
7-20-23_10arednuclei_ROI#10_annotation_apop.csv,0.022695035460992927,0.19148936170212766,ApoptosisInColonies,MCF10A+7-20-23_10arednuclei_roi#10_annotation_apop.csv,MCF10A,field11_colony,Apoptosis,47,0.037,30,100
7-20-23_10arednuclei_ROI#10_annotation_nec.csv,0.3240146654445463,0.16901408450704225,NecrosisInColonies,MCF10A+7-20-23_10arednuclei_roi#10_annotation_nec.csv,MCF10A,field11_colony,Necrosis,142,0.0,30,100
7-20-23_10arednuclei_ROI#13_or14_both_colonies_annotation_apop.csv,0.2472521372266016,0.14516129032258066,ApoptosisInColonies,MCF10A+7-20-23_10arednuclei_roi#13_or14_both_colonies_annotation_apop.csv,MCF10A,field14_two_colony,Apoptosis,248,0.0,30,100
7-20-23_10arednuclei_ROI#13_or14_both_colonies_annotation_nec.csv,0.5498046875,0.1440922190201729,NecrosisInColonies,MCF10A+7-20-23_10arednuclei_roi#13_or14_both_colonies_annotation_nec.csv,MCF10A,field14_two_colony,Necrosis,348,0.0,30,100
field13_crop-001_ROI#1_annotation_mixed.csv,0.33009439200444207,0.15567765567765568,MixedColony,MCF10A+field13_crop-001_roi#1_annotation_mixed.csv,MCF10A,field13_colony,mixed,546,0.0,30,100
Field14-002_ROI#1_annotation_mixed.csv,0.3320986154967209,0.14397496087636932,MixedColony,MCF10A+field14-002_roi#1_annotation_mixed.csv,MCF10A,field14_colony,mixed,641,0.0,30,100
7-20-23_10arednuclei_ROI#10_annotation_mixed.csv,0.25955780746199913,0.14285714285714285,MixedColony,MCF10A+7-20-23_10arednuclei_roi#10_annotation_mixed.csv,MCF10A,field11_colony,mixed,200,0.0,30,100
7-20-23_10arednuclei_ROI#13_or14_both_colonies_annotation_mixed.csv,0.6112034727994828,0.13949579831932774,MixedColony,MCF10A+7-20-23_10arednuclei_roi#13_or14_both_colonies_annotation_mixed.csv,MCF10A,field14_two_colony,mixed,596,0.0,30,100
purecolony3_sytox_based.csv,0.09687641466727018,0.20707070707070707,MixedColony,MCF10A+purecolony3_sytox_based.csv,MCF10A,pure_colony_3,Necrosis,818,0.0,30,100
purecolony_sytox_based.csv,0.1972864768683273,0.16701902748414377,MixedColony,MCF10A+purecolony_sytox_based.csv,MCF10A,pure_colony_1,Necrosis,930,0.0,30,100
purecolony2_sytox_based.csv,0.12042768711311191,0.19907407407407407,MixedColony,MCF10A+purecolony2_sytox_based.csv,MCF10A,pure_colony_2,Necrosis,975,0.0,30,100
mixcolony1.csv,0.2882254464285714,0.13649851632047477,MixedColony,MCF10A+mixcolony1.csv,MCF10A,mix_colony_1,mixed,337,0.0,30,100
mixcolony2_field13.csv,0.36846551906220304,0.1285444234404537,MixedColony,MCF10A+mixcolony2_field13.csv,MCF10A,mix_colony_2,mixed,529,0.0,30,100
mixcolony3.csv,0.1192077048882428,0.14903846153846154,MixedColony,MCF10A+mixcolony3.csv,MCF10A,mix_colony_3,mixed,208,0.0,30,100
20181227_MCF10A_SKT_xy1.csv,0.15725806451612911,0.3575757575757576,MixedColony,MCF10A+TRAIL,MCF10A,skt_1,Apoptosis,165,0.0,30,100
20181227_MCF10A_SKT_xy2.csv,0.16317991631799159,0.44285714285714284,MixedColony,MCF10A+TRAIL,MCF10A,skt_2,Apoptosis,140,0.0,30,100
20181227_MCF10A_SKT_xy3.csv,0.09634551495016613,0.42105263157894735,MixedColony,MCF10A+TRAIL,MCF10A,skt_3,Apoptosis,209,0.0,30,100
20181227_MCF10A_SKT_xy4.csv,0.19333333333333336,0.4105263157894737,MixedColony,MCF10A+TRAIL,MCF10A,skt_4,Apoptosis,190,0.0,30,100
20181227_MCF10A_SKT_xy5.csv,0.09302325581395349,0.4625,MixedColony,MCF10A+TRAIL,MCF10A,skt_5,Apoptosis,160,0.001,30,100
3-11-23_10ah2bmch_ml+zvad_fullmedia_puredeath1_sytox_based.csv,0.16601786123196702,0.19374247894103488,MixedColony,MCF10A+3-11-23_10ah2bmch_ml+zvad_fullmedia_puredeath1_sytox_based.csv,MCF10A,pure_death_1,Necrosis,831,0.0,30,100
3-11-23_10ah2bmch_ml+zvad_fullmedia_puredeath2_sytox_based.csv,0.2511440107671601,0.1777434312210201,MixedColony,MCF10A+3-11-23_10ah2bmch_ml+zvad_fullmedia_puredeath2_sytox_based.csv,MCF10A,pure_death_2,Necrosis,647,0.0,30,100
3-11-23_10ah2bmch_ml+zvad_fullmedia_puredeath3_sytox_based.csv,-0.09219858156028372,0.21739130434782608,MixedColony,MCF10A+3-11-23_10ah2bmch_ml+zvad_fullmedia_puredeath3_sytox_based.csv,MCF10A,pure_death_3,Necrosis,22,0.172,30,100
field13_crop-001_ROI#1_annotation_apop.csv,0.054054054054053995,0.17721518987341772,ApoptosisInColonies,MCF10A+field13_crop-001_roi#1_annotation_apop.csv,MCF10A,field13_colony,Apoptosis,237,0.0,60,100
field13_crop-001_ROI#1_annotation_nec.csv,0.24218750000000003,0.19741100323624594,NecrosisInColonies,MCF10A+field13_crop-001_roi#1_annotation_nec.csv,MCF10A,field13_colony,Necrosis,309,0.0,60,100
Field14-002_ROI#1_annotation_apop.csv,0.15934065934065936,0.16494845360824742,ApoptosisInColonies,MCF10A+field14-002_roi#1_annotation_apop.csv,MCF10A,field14_colony,Apoptosis,387,0.0,60,100
Field14-002_ROI#1_annotation_nec.csv,0.19526066350710905,0.18875502008032127,NecrosisInColonies,MCF10A+field14-002_roi#1_annotation_nec.csv,MCF10A,field14_colony,Necrosis,249,0.0,60,100
7-20-23_10arednuclei_ROI#10_annotation_apop.csv,0.033472803347280436,0.19148936170212766,ApoptosisInColonies,MCF10A+7-20-23_10arednuclei_roi#10_annotation_apop.csv,MCF10A,field11_colony,Apoptosis,47,0.032,60,100
7-20-23_10arednuclei_ROI#10_annotation_nec.csv,0.3118675252989881,0.20422535211267606,NecrosisInColonies,MCF10A+7-20-23_10arednuclei_roi#10_annotation_nec.csv,MCF10A,field11_colony,Necrosis,142,0.0,60,100
7-20-23_10arednuclei_ROI#13_or14_both_colonies_annotation_apop.csv,0.24506362439666518,0.16129032258064516,ApoptosisInColonies,MCF10A+7-20-23_10arednuclei_roi#13_or14_both_colonies_annotation_apop.csv,MCF10A,field14_two_colony,Apoptosis,248,0.0,60,100
7-20-23_10arednuclei_ROI#13_or14_both_colonies_annotation_nec.csv,0.5502008032128514,0.1930835734870317,NecrosisInColonies,MCF10A+7-20-23_10arednuclei_roi#13_or14_both_colonies_annotation_nec.csv,MCF10A,field14_two_colony,Necrosis,348,0.0,60,100
field13_crop-001_ROI#1_annotation_mixed.csv,0.3290717065036131,0.17582417582417584,MixedColony,MCF10A+field13_crop-001_roi#1_annotation_mixed.csv,MCF10A,field13_colony,mixed,546,0.0,60,100
Field14-002_ROI#1_annotation_mixed.csv,0.33304981773997566,0.1674491392801252,MixedColony,MCF10A+field14-002_roi#1_annotation_mixed.csv,MCF10A,field14_colony,mixed,641,0.0,60,100
7-20-23_10arednuclei_ROI#10_annotation_mixed.csv,0.2599908130454754,0.15873015873015872,MixedColony,MCF10A+7-20-23_10arednuclei_roi#10_annotation_mixed.csv,MCF10A,field11_colony,mixed,200,0.0,60,100
7-20-23_10arednuclei_ROI#13_or14_both_colonies_annotation_mixed.csv,0.6092049437373178,0.17478991596638654,MixedColony,MCF10A+7-20-23_10arednuclei_roi#13_or14_both_colonies_annotation_mixed.csv,MCF10A,field14_two_colony,mixed,596,0.0,60,100
purecolony3_sytox_based.csv,0.06716417910447756,0.21843434343434343,MixedColony,MCF10A+purecolony3_sytox_based.csv,MCF10A,pure_colony_3,Necrosis,818,0.0,60,100
purecolony_sytox_based.csv,0.20163370593293214,0.20190274841437633,MixedColony,MCF10A+purecolony_sytox_based.csv,MCF10A,pure_colony_1,Necrosis,930,0.0,60,100
purecolony2_sytox_based.csv,0.097020097020097,0.2324074074074074,MixedColony,MCF10A+purecolony2_sytox_based.csv,MCF10A,pure_colony_2,Necrosis,975,0.0,60,100
mixcolony1.csv,0.27718906860011155,0.1661721068249258,MixedColony,MCF10A+mixcolony1.csv,MCF10A,mix_colony_1,mixed,337,0.0,60,100
mixcolony2_field13.csv,0.3666877770740975,0.1720226843100189,MixedColony,MCF10A+mixcolony2_field13.csv,MCF10A,mix_colony_2,mixed,529,0.0,60,100
mixcolony3.csv,0.11456451029996384,0.15865384615384615,MixedColony,MCF10A+mixcolony3.csv,MCF10A,mix_colony_3,mixed,208,0.0,60,100
20181227_MCF10A_SKT_xy1.csv,0.16101694915254242,0.3878787878787879,MixedColony,MCF10A+TRAIL,MCF10A,skt_1,Apoptosis,165,0.0,60,100
20181227_MCF10A_SKT_xy2.csv,0.07758620689655181,0.44285714285714284,MixedColony,MCF10A+TRAIL,MCF10A,skt_2,Apoptosis,140,0.004,60,100
20181227_MCF10A_SKT_xy3.csv,0.007092198581560304,0.44019138755980863,MixedColony,MCF10A+TRAIL,MCF10A,skt_3,Apoptosis,209,0.042,60,100
20181227_MCF10A_SKT_xy4.csv,0.14864864864864866,0.43157894736842106,MixedColony,MCF10A+TRAIL,MCF10A,skt_4,Apoptosis,190,0.0,60,100
20181227_MCF10A_SKT_xy5.csv,0.11111111111111113,0.475,MixedColony,MCF10A+TRAIL,MCF10A,skt_5,Apoptosis,160,0.0,60,100
3-11-23_10ah2bmch_ml+zvad_fullmedia_puredeath1_sytox_based.csv,0.16455696202531647,0.21780986762936222,MixedColony,MCF10A+3-11-23_10ah2bmch_ml+zvad_fullmedia_puredeath1_sytox_based.csv,MCF10A,pure_death_1,Necrosis,831,0.0,60,100
3-11-23_10ah2bmch_ml+zvad_fullmedia_puredeath2_sytox_based.csv,0.2542188350571584,0.19783616692426584,MixedColony,MCF10A+3-11-23_10ah2bmch_ml+zvad_fullmedia_puredeath2_sytox_based.csv,MCF10A,pure_death_2,Necrosis,647,0.0,60,100
3-11-23_10ah2bmch_ml+zvad_fullmedia_puredeath3_sytox_based.csv,-0.13698630136986298,0.21739130434782608,MixedColony,MCF10A+3-11-23_10ah2bmch_ml+zvad_fullmedia_puredeath3_sytox_based.csv,MCF10A,pure_death_3,Necrosis,22,0.218,60,100
field13_crop-001_ROI#1_annotation_apop.csv,0.047788873038516366,0.19831223628691982,ApoptosisInColonies,MCF10A+field13_crop-001_roi#1_annotation_apop.csv,MCF10A,field13_colony,Apoptosis,237,0.003,90,100
field13_crop-001_ROI#1_annotation_nec.csv,0.22526041666666674,0.22653721682847897,NecrosisInColonies,MCF10A+field13_crop-001_roi#1_annotation_nec.csv,MCF10A,field13_colony,Necrosis,309,0.0,90,100
Field14-002_ROI#1_annotation_apop.csv,0.15044910179640716,0.18041237113402062,ApoptosisInColonies,MCF10A+field14-002_roi#1_annotation_apop.csv,MCF10A,field14_colony,Apoptosis,387,0.0,90,100
Field14-002_ROI#1_annotation_nec.csv,0.1734837799717912,0.21686746987951808,NecrosisInColonies,MCF10A+field14-002_roi#1_annotation_nec.csv,MCF10A,field14_colony,Necrosis,249,0.0,90,100
7-20-23_10arednuclei_ROI#10_annotation_apop.csv,0.006355932203389879,0.19148936170212766,ApoptosisInColonies,MCF10A+7-20-23_10arednuclei_roi#10_annotation_apop.csv,MCF10A,field11_colony,Apoptosis,47,0.044,90,100
7-20-23_10arednuclei_ROI#10_annotation_nec.csv,0.3133704735376045,0.20422535211267606,NecrosisInColonies,MCF10A+7-20-23_10arednuclei_roi#10_annotation_nec.csv,MCF10A,field11_colony,Necrosis,142,0.0,90,100
7-20-23_10arednuclei_ROI#13_or14_both_colonies_annotation_apop.csv,0.24542124542124535,0.16129032258064516,ApoptosisInColonies,MCF10A+7-20-23_10arednuclei_roi#13_or14_both_colonies_annotation_apop.csv,MCF10A,field14_two_colony,Apoptosis,248,0.0,90,100
7-20-23_10arednuclei_ROI#13_or14_both_colonies_annotation_nec.csv,0.5487077534791253,0.21037463976945245,NecrosisInColonies,MCF10A+7-20-23_10arednuclei_roi#13_or14_both_colonies_annotation_nec.csv,MCF10A,field14_two_colony,Necrosis,348,0.0,90,100
field13_crop-001_ROI#1_annotation_mixed.csv,0.32731314253959426,0.1978021978021978,MixedColony,MCF10A+field13_crop-001_roi#1_annotation_mixed.csv,MCF10A,field13_colony,mixed,546,0.0,90,100
Field14-002_ROI#1_annotation_mixed.csv,0.3283285094066571,0.17996870109546165,MixedColony,MCF10A+field14-002_roi#1_annotation_mixed.csv,MCF10A,field14_colony,mixed,641,0.0,90,100
7-20-23_10arednuclei_ROI#10_annotation_mixed.csv,0.24634655532359073,0.1693121693121693,MixedColony,MCF10A+7-20-23_10arednuclei_roi#10_annotation_mixed.csv,MCF10A,field11_colony,mixed,200,0.0,90,100
7-20-23_10arednuclei_ROI#13_or14_both_colonies_annotation_mixed.csv,0.6097832128960533,0.17983193277310924,MixedColony,MCF10A+7-20-23_10arednuclei_roi#13_or14_both_colonies_annotation_mixed.csv,MCF10A,field14_two_colony,mixed,596,0.0,90,100
purecolony3_sytox_based.csv,0.007936507936507945,0.2297979797979798,MixedColony,MCF10A+purecolony3_sytox_based.csv,MCF10A,pure_colony_3,Necrosis,818,0.021,90,100
purecolony_sytox_based.csv,0.13823529411764712,0.21987315010570824,MixedColony,MCF10A+purecolony_sytox_based.csv,MCF10A,pure_colony_1,Necrosis,930,0.0,90,100
purecolony2_sytox_based.csv,0.006915629322268442,0.2462962962962963,MixedColony,MCF10A+purecolony2_sytox_based.csv,MCF10A,pure_colony_2,Necrosis,975,0.023,90,100
mixcolony1.csv,0.28505650899958146,0.19881305637982197,MixedColony,MCF10A+mixcolony1.csv,MCF10A,mix_colony_1,mixed,337,0.0,90,100
mixcolony2_field13.csv,0.3743332287417634,0.18714555765595464,MixedColony,MCF10A+mixcolony2_field13.csv,MCF10A,mix_colony_2,mixed,529,0.0,90,100
mixcolony3.csv,0.11767895878524935,0.16826923076923078,MixedColony,MCF10A+mixcolony3.csv,MCF10A,mix_colony_3,mixed,208,0.0,90,100
20181227_MCF10A_SKT_xy1.csv,0.145985401459854,0.38181818181818183,MixedColony,MCF10A+TRAIL,MCF10A,skt_1,Apoptosis,165,0.0,90,100
20181227_MCF10A_SKT_xy2.csv,0.3174603174603175,0.4785714285714286,MixedColony,MCF10A+TRAIL,MCF10A,skt_2,Apoptosis,140,0.0,90,100
20181227_MCF10A_SKT_xy3.csv,0.0,0.4688995215311005,MixedColony,MCF10A+TRAIL,MCF10A,skt_3,Apoptosis,209,0.049,90,100
20181227_MCF10A_SKT_xy4.csv,0.24742268041237114,0.4368421052631579,MixedColony,MCF10A+TRAIL,MCF10A,skt_4,Apoptosis,190,0.0,90,100
20181227_MCF10A_SKT_xy5.csv,0.025974025974026087,0.475,MixedColony,MCF10A+TRAIL,MCF10A,skt_5,Apoptosis,160,0.017,90,100
3-11-23_10ah2bmch_ml+zvad_fullmedia_puredeath1_sytox_based.csv,0.15782907049282596,0.2286401925391095,MixedColony,MCF10A+3-11-23_10ah2bmch_ml+zvad_fullmedia_puredeath1_sytox_based.csv,MCF10A,pure_death_1,Necrosis,831,0.0,90,100
3-11-23_10ah2bmch_ml+zvad_fullmedia_puredeath2_sytox_based.csv,0.2171518489378442,0.2071097372488408,MixedColony,MCF10A+3-11-23_10ah2bmch_ml+zvad_fullmedia_puredeath2_sytox_based.csv,MCF10A,pure_death_2,Necrosis,647,0.0,90,100
3-11-23_10ah2bmch_ml+zvad_fullmedia_puredeath3_sytox_based.csv,-0.060000000000000143,0.21739130434782608,MixedColony,MCF10A+3-11-23_10ah2bmch_ml+zvad_fullmedia_puredeath3_sytox_based.csv,MCF10A,pure_death_3,Necrosis,22,0.092,90,100
field13_crop-001_ROI#1_annotation_apop.csv,0.048543689320388286,0.20253164556962025,ApoptosisInColonies,MCF10A+field13_crop-001_roi#1_annotation_apop.csv,MCF10A,field13_colony,Apoptosis,237,0.003,120,100
field13_crop-001_ROI#1_annotation_nec.csv,0.2878048780487806,0.255663430420712,NecrosisInColonies,MCF10A+field13_crop-001_roi#1_annotation_nec.csv,MCF10A,field13_colony,Necrosis,309,0.0,120,100
Field14-002_ROI#1_annotation_apop.csv,0.16782178217821786,0.19072164948453607,ApoptosisInColonies,MCF10A+field14-002_roi#1_annotation_apop.csv,MCF10A,field14_colony,Apoptosis,387,0.0,120,100
Field14-002_ROI#1_annotation_nec.csv,0.2264492753623189,0.2289156626506024,NecrosisInColonies,MCF10A+field14-002_roi#1_annotation_nec.csv,MCF10A,field14_colony,Necrosis,249,0.0,120,100
7-20-23_10arednuclei_ROI#10_annotation_apop.csv,0.02506963788300824,0.2127659574468085,ApoptosisInColonies,MCF10A+7-20-23_10arednuclei_roi#10_annotation_apop.csv,MCF10A,field11_colony,Apoptosis,47,0.038,120,100
7-20-23_10arednuclei_ROI#10_annotation_nec.csv,0.28205128205128205,0.2323943661971831,NecrosisInColonies,MCF10A+7-20-23_10arednuclei_roi#10_annotation_nec.csv,MCF10A,field11_colony,Necrosis,142,0.0,120,100
7-20-23_10arednuclei_ROI#13_or14_both_colonies_annotation_apop.csv,0.2493261455525607,0.17338709677419356,ApoptosisInColonies,MCF10A+7-20-23_10arednuclei_roi#13_or14_both_colonies_annotation_apop.csv,MCF10A,field14_two_colony,Apoptosis,248,0.0,120,100
7-20-23_10arednuclei_ROI#13_or14_both_colonies_annotation_nec.csv,0.5167525773195876,0.2276657060518732,NecrosisInColonies,MCF10A+7-20-23_10arednuclei_roi#13_or14_both_colonies_annotation_nec.csv,MCF10A,field14_two_colony,Necrosis,348,0.0,120,100
field13_crop-001_ROI#1_annotation_mixed.csv,0.34639326254119374,0.2032967032967033,MixedColony,MCF10A+field13_crop-001_roi#1_annotation_mixed.csv,MCF10A,field13_colony,mixed,546,0.0,120,100
Field14-002_ROI#1_annotation_mixed.csv,0.33624666181111923,0.18935837245696402,MixedColony,MCF10A+field14-002_roi#1_annotation_mixed.csv,MCF10A,field14_colony,mixed,641,0.0,120,100
7-20-23_10arednuclei_ROI#10_annotation_mixed.csv,0.24633699633699635,0.18518518518518517,MixedColony,MCF10A+7-20-23_10arednuclei_roi#10_annotation_mixed.csv,MCF10A,field11_colony,mixed,200,0.0,120,100
7-20-23_10arednuclei_ROI#13_or14_both_colonies_annotation_mixed.csv,0.609253065774805,0.20168067226890757,MixedColony,MCF10A+7-20-23_10arednuclei_roi#13_or14_both_colonies_annotation_mixed.csv,MCF10A,field14_two_colony,mixed,596,0.0,120,100
purecolony3_sytox_based.csv,0.1143552311435523,0.2297979797979798,MixedColony,MCF10A+purecolony3_sytox_based.csv,MCF10A,pure_colony_3,Necrosis,818,0.0,120,100
purecolony_sytox_based.csv,0.23700787401574797,0.22093023255813954,MixedColony,MCF10A+purecolony_sytox_based.csv,MCF10A,pure_colony_1,Necrosis,930,0.0,120,100
purecolony2_sytox_based.csv,0.1476655808903367,0.23055555555555557,MixedColony,MCF10A+purecolony2_sytox_based.csv,MCF10A,pure_colony_2,Necrosis,975,0.0,120,100
mixcolony1.csv,0.29514457174031644,0.21068249258160238,MixedColony,MCF10A+mixcolony1.csv,MCF10A,mix_colony_1,mixed,337,0.0,120,100
mixcolony2_field13.csv,0.36087328767123283,0.2003780718336484,MixedColony,MCF10A+mixcolony2_field13.csv,MCF10A,mix_colony_2,mixed,529,0.0,120,100
mixcolony3.csv,0.11453113815318554,0.16826923076923078,MixedColony,MCF10A+mixcolony3.csv,MCF10A,mix_colony_3,mixed,208,0.0,120,100
20181227_MCF10A_SKT_xy1.csv,0.22680412371134018,0.40606060606060607,MixedColony,MCF10A+TRAIL,MCF10A,skt_1,Apoptosis,165,0.0,120,100
20181227_MCF10A_SKT_xy2.csv,0.023809523809523832,0.4785714285714286,MixedColony,MCF10A+TRAIL,MCF10A,skt_2,Apoptosis,140,0.034,120,100
20181227_MCF10A_SKT_xy3.csv,-0.3846153846153847,0.48325358851674644,MixedColony,MCF10A+TRAIL,MCF10A,skt_3,Apoptosis,209,0.506,120,100
20181227_MCF10A_SKT_xy4.csv,0.06060606060606059,0.4789473684210526,MixedColony,MCF10A+TRAIL,MCF10A,skt_4,Apoptosis,190,0.012,120,100
20181227_MCF10A_SKT_xy5.csv,0.19047619047619044,0.4875,MixedColony,MCF10A+TRAIL,MCF10A,skt_5,Apoptosis,160,0.001,120,100
3-11-23_10ah2bmch_ml+zvad_fullmedia_puredeath1_sytox_based.csv,0.23159509202453982,0.2286401925391095,MixedColony,MCF10A+3-11-23_10ah2bmch_ml+zvad_fullmedia_puredeath1_sytox_based.csv,MCF10A,pure_death_1,Necrosis,831,0.0,120,100
3-11-23_10ah2bmch_ml+zvad_fullmedia_puredeath2_sytox_based.csv,0.2759315206445115,0.2132921174652241,MixedColony,MCF10A+3-11-23_10ah2bmch_ml+zvad_fullmedia_puredeath2_sytox_based.csv,MCF10A,pure_death_2,Necrosis,647,0.0,120,100
3-11-23_10ah2bmch_ml+zvad_fullmedia_puredeath3_sytox_based.csv,-0.18518518518518515,0.30434782608695654,MixedColony,MCF10A+3-11-23_10ah2bmch_ml+zvad_fullmedia_puredeath3_sytox_based.csv,MCF10A,pure_death_3,Necrosis,22,0.227,120,100
field13_crop-001_ROI#1_annotation_apop.csv,0.047483124397299924,0.14345991561181434,ApoptosisInColonies,MCF10A+field13_crop-001_roi#1_annotation_apop.csv,MCF10A,field13_colony,Apoptosis,237,0.001,5,150
field13_crop-001_ROI#1_annotation_nec.csv,0.260854218143311,0.10355987055016182,NecrosisInColonies,MCF10A+field13_crop-001_roi#1_annotation_nec.csv,MCF10A,field13_colony,Necrosis,309,0.0,5,150
Field14-002_ROI#1_annotation_apop.csv,0.1619829683698297,0.14175257731958762,ApoptosisInColonies,MCF10A+field14-002_roi#1_annotation_apop.csv,MCF10A,field14_colony,Apoptosis,387,0.0,5,150
Field14-002_ROI#1_annotation_nec.csv,0.17882645141260473,0.11646586345381527,NecrosisInColonies,MCF10A+field14-002_roi#1_annotation_nec.csv,MCF10A,field14_colony,Necrosis,249,0.0,5,150
7-20-23_10arednuclei_ROI#10_annotation_apop.csv,0.09964487152705236,0.14893617021276595,ApoptosisInColonies,MCF10A+7-20-23_10arednuclei_roi#10_annotation_apop.csv,MCF10A,field11_colony,Apoptosis,47,0.002,5,150
7-20-23_10arednuclei_ROI#10_annotation_nec.csv,0.31976744186046513,0.14084507042253522,NecrosisInColonies,MCF10A+7-20-23_10arednuclei_roi#10_annotation_nec.csv,MCF10A,field11_colony,Necrosis,142,0.0,5,150
7-20-23_10arednuclei_ROI#13_or14_both_colonies_annotation_apop.csv,0.25016272510305926,0.13306451612903225,ApoptosisInColonies,MCF10A+7-20-23_10arednuclei_roi#13_or14_both_colonies_annotation_apop.csv,MCF10A,field14_two_colony,Apoptosis,248,0.0,5,150
7-20-23_10arednuclei_ROI#13_or14_both_colonies_annotation_nec.csv,0.5374838431710469,0.0893371757925072,NecrosisInColonies,MCF10A+7-20-23_10arednuclei_roi#13_or14_both_colonies_annotation_nec.csv,MCF10A,field14_two_colony,Necrosis,348,0.0,5,150
field13_crop-001_ROI#1_annotation_mixed.csv,0.32863792070538717,0.11355311355311355,MixedColony,MCF10A+field13_crop-001_roi#1_annotation_mixed.csv,MCF10A,field13_colony,mixed,546,0.0,5,150
Field14-002_ROI#1_annotation_mixed.csv,0.32949435670435545,0.1267605633802817,MixedColony,MCF10A+field14-002_roi#1_annotation_mixed.csv,MCF10A,field14_colony,mixed,641,0.0,5,150
7-20-23_10arednuclei_ROI#10_annotation_mixed.csv,0.2606487797483704,0.12169312169312169,MixedColony,MCF10A+7-20-23_10arednuclei_roi#10_annotation_mixed.csv,MCF10A,field11_colony,mixed,200,0.0,5,150
7-20-23_10arednuclei_ROI#13_or14_both_colonies_annotation_mixed.csv,0.6046199383601355,0.1092436974789916,MixedColony,MCF10A+7-20-23_10arednuclei_roi#13_or14_both_colonies_annotation_mixed.csv,MCF10A,field14_two_colony,mixed,596,0.0,5,150
purecolony3_sytox_based.csv,0.07497881954250216,0.14898989898989898,MixedColony,MCF10A+purecolony3_sytox_based.csv,MCF10A,pure_colony_3,Necrosis,818,0.0,5,150
purecolony_sytox_based.csv,0.19253561043836734,0.12790697674418605,MixedColony,MCF10A+purecolony_sytox_based.csv,MCF10A,pure_colony_1,Necrosis,930,0.0,5,150
purecolony2_sytox_based.csv,0.12599313619481922,0.1388888888888889,MixedColony,MCF10A+purecolony2_sytox_based.csv,MCF10A,pure_colony_2,Necrosis,975,0.0,5,150
mixcolony1.csv,0.27763870556642856,0.10385756676557864,MixedColony,MCF10A+mixcolony1.csv,MCF10A,mix_colony_1,mixed,337,0.0,5,150
mixcolony2_field13.csv,0.37191098006178036,0.10207939508506617,MixedColony,MCF10A+mixcolony2_field13.csv,MCF10A,mix_colony_2,mixed,529,0.0,5,150
mixcolony3.csv,0.11916348047734907,0.12980769230769232,MixedColony,MCF10A+mixcolony3.csv,MCF10A,mix_colony_3,mixed,208,0.0,5,150
20181227_MCF10A_SKT_xy1.csv,0.1047297297297297,0.23030303030303031,MixedColony,MCF10A+TRAIL,MCF10A,skt_1,Apoptosis,165,0.0,5,150
20181227_MCF10A_SKT_xy2.csv,0.0615034168564921,0.2785714285714286,MixedColony,MCF10A+TRAIL,MCF10A,skt_2,Apoptosis,140,0.003,5,150
20181227_MCF10A_SKT_xy3.csv,0.11075268817204287,0.3014354066985646,MixedColony,MCF10A+TRAIL,MCF10A,skt_3,Apoptosis,209,0.0,5,150
20181227_MCF10A_SKT_xy4.csv,0.13866396761133618,0.26842105263157895,MixedColony,MCF10A+TRAIL,MCF10A,skt_4,Apoptosis,190,0.0,5,150
20181227_MCF10A_SKT_xy5.csv,0.03640500568828204,0.325,MixedColony,MCF10A+TRAIL,MCF10A,skt_5,Apoptosis,160,0.005,5,150
3-11-23_10ah2bmch_ml+zvad_fullmedia_puredeath1_sytox_based.csv,0.16309926624339421,0.15162454873646208,MixedColony,MCF10A+3-11-23_10ah2bmch_ml+zvad_fullmedia_puredeath1_sytox_based.csv,MCF10A,pure_death_1,Necrosis,831,0.0,5,150
3-11-23_10ah2bmch_ml+zvad_fullmedia_puredeath2_sytox_based.csv,0.2543649738544714,0.13292117465224113,MixedColony,MCF10A+3-11-23_10ah2bmch_ml+zvad_fullmedia_puredeath2_sytox_based.csv,MCF10A,pure_death_2,Necrosis,647,0.0,5,150
3-11-23_10ah2bmch_ml+zvad_fullmedia_puredeath3_sytox_based.csv,-0.08833922261484092,0.17391304347826086,MixedColony,MCF10A+3-11-23_10ah2bmch_ml+zvad_fullmedia_puredeath3_sytox_based.csv,MCF10A,pure_death_3,Necrosis,22,0.163,5,150
field13_crop-001_ROI#1_annotation_apop.csv,0.04945689854402591,0.14767932489451477,ApoptosisInColonies,MCF10A+field13_crop-001_roi#1_annotation_apop.csv,MCF10A,field13_colony,Apoptosis,237,0.0,10,150
field13_crop-001_ROI#1_annotation_nec.csv,0.2616532882692579,0.11650485436893204,NecrosisInColonies,MCF10A+field13_crop-001_roi#1_annotation_nec.csv,MCF10A,field13_colony,Necrosis,309,0.0,10,150
Field14-002_ROI#1_annotation_apop.csv,0.1639284558109421,0.14948453608247422,ApoptosisInColonies,MCF10A+field14-002_roi#1_annotation_apop.csv,MCF10A,field14_colony,Apoptosis,387,0.0,10,150
Field14-002_ROI#1_annotation_nec.csv,0.17754690649713134,0.12449799196787148,NecrosisInColonies,MCF10A+field14-002_roi#1_annotation_nec.csv,MCF10A,field14_colony,Necrosis,249,0.0,10,150
7-20-23_10arednuclei_ROI#10_annotation_apop.csv,0.08297872340425527,0.14893617021276595,ApoptosisInColonies,MCF10A+7-20-23_10arednuclei_roi#10_annotation_apop.csv,MCF10A,field11_colony,Apoptosis,47,0.005,10,150
7-20-23_10arednuclei_ROI#10_annotation_nec.csv,0.3177332535885167,0.14084507042253522,NecrosisInColonies,MCF10A+7-20-23_10arednuclei_roi#10_annotation_nec.csv,MCF10A,field11_colony,Necrosis,142,0.0,10,150
7-20-23_10arednuclei_ROI#13_or14_both_colonies_annotation_apop.csv,0.2505692291011602,0.13306451612903225,ApoptosisInColonies,MCF10A+7-20-23_10arednuclei_roi#13_or14_both_colonies_annotation_apop.csv,MCF10A,field14_two_colony,Apoptosis,248,0.0,10,150
7-20-23_10arednuclei_ROI#13_or14_both_colonies_annotation_nec.csv,0.5375834589704932,0.0893371757925072,NecrosisInColonies,MCF10A+7-20-23_10arednuclei_roi#13_or14_both_colonies_annotation_nec.csv,MCF10A,field14_two_colony,Necrosis,348,0.0,10,150
field13_crop-001_ROI#1_annotation_mixed.csv,0.3276672916730705,0.1227106227106227,MixedColony,MCF10A+field13_crop-001_roi#1_annotation_mixed.csv,MCF10A,field13_colony,mixed,546,0.0,10,150
Field14-002_ROI#1_annotation_mixed.csv,0.3287512023084322,0.13458528951486698,MixedColony,MCF10A+field14-002_roi#1_annotation_mixed.csv,MCF10A,field14_colony,mixed,641,0.0,10,150
7-20-23_10arednuclei_ROI#10_annotation_mixed.csv,0.26092885824683687,0.12169312169312169,MixedColony,MCF10A+7-20-23_10arednuclei_roi#10_annotation_mixed.csv,MCF10A,field11_colony,mixed,200,0.0,10,150
7-20-23_10arednuclei_ROI#13_or14_both_colonies_annotation_mixed.csv,0.6043603719140751,0.1092436974789916,MixedColony,MCF10A+7-20-23_10arednuclei_roi#13_or14_both_colonies_annotation_mixed.csv,MCF10A,field14_two_colony,mixed,596,0.0,10,150
purecolony3_sytox_based.csv,0.07546636517806671,0.1691919191919192,MixedColony,MCF10A+purecolony3_sytox_based.csv,MCF10A,pure_colony_3,Necrosis,818,0.0,10,150
purecolony_sytox_based.csv,0.18987621573828475,0.1331923890063425,MixedColony,MCF10A+purecolony_sytox_based.csv,MCF10A,pure_colony_1,Necrosis,930,0.0,10,150
purecolony2_sytox_based.csv,0.1263751763046545,0.15092592592592594,MixedColony,MCF10A+purecolony2_sytox_based.csv,MCF10A,pure_colony_2,Necrosis,975,0.0,10,150
mixcolony1.csv,0.2759249965783111,0.10385756676557864,MixedColony,MCF10A+mixcolony1.csv,MCF10A,mix_colony_1,mixed,337,0.0,10,150
mixcolony2_field13.csv,0.3718227776997613,0.10207939508506617,MixedColony,MCF10A+mixcolony2_field13.csv,MCF10A,mix_colony_2,mixed,529,0.0,10,150
mixcolony3.csv,0.12231586238743938,0.12980769230769232,MixedColony,MCF10A+mixcolony3.csv,MCF10A,mix_colony_3,mixed,208,0.0,10,150
20181227_MCF10A_SKT_xy1.csv,0.09913597089586167,0.23030303030303031,MixedColony,MCF10A+TRAIL,MCF10A,skt_1,Apoptosis,165,0.0,10,150
20181227_MCF10A_SKT_xy2.csv,0.048461538461538486,0.2785714285714286,MixedColony,MCF10A+TRAIL,MCF10A,skt_2,Apoptosis,140,0.004,10,150
20181227_MCF10A_SKT_xy3.csv,0.10789283128167985,0.3014354066985646,MixedColony,MCF10A+TRAIL,MCF10A,skt_3,Apoptosis,209,0.0,10,150
20181227_MCF10A_SKT_xy4.csv,0.12448418156808813,0.26842105263157895,MixedColony,MCF10A+TRAIL,MCF10A,skt_4,Apoptosis,190,0.0,10,150
20181227_MCF10A_SKT_xy5.csv,0.04258555133079843,0.325,MixedColony,MCF10A+TRAIL,MCF10A,skt_5,Apoptosis,160,0.007,10,150
3-11-23_10ah2bmch_ml+zvad_fullmedia_puredeath1_sytox_based.csv,0.1644797070491303,0.1588447653429603,MixedColony,MCF10A+3-11-23_10ah2bmch_ml+zvad_fullmedia_puredeath1_sytox_based.csv,MCF10A,pure_death_1,Necrosis,831,0.0,10,150
3-11-23_10ah2bmch_ml+zvad_fullmedia_puredeath2_sytox_based.csv,0.2540838068181818,0.14837712519319937,MixedColony,MCF10A+3-11-23_10ah2bmch_ml+zvad_fullmedia_puredeath2_sytox_based.csv,MCF10A,pure_death_2,Necrosis,647,0.0,10,150
3-11-23_10ah2bmch_ml+zvad_fullmedia_puredeath3_sytox_based.csv,-0.09112149532710284,0.17391304347826086,MixedColony,MCF10A+3-11-23_10ah2bmch_ml+zvad_fullmedia_puredeath3_sytox_based.csv,MCF10A,pure_death_3,Necrosis,22,0.177,10,150
field13_crop-001_ROI#1_annotation_apop.csv,0.05231620188983634,0.16877637130801687,ApoptosisInColonies,MCF10A+field13_crop-001_roi#1_annotation_apop.csv,MCF10A,field13_colony,Apoptosis,237,0.001,30,150
field13_crop-001_ROI#1_annotation_nec.csv,0.25821398483572033,0.16181229773462782,NecrosisInColonies,MCF10A+field13_crop-001_roi#1_annotation_nec.csv,MCF10A,field13_colony,Necrosis,309,0.0,30,150
Field14-002_ROI#1_annotation_apop.csv,0.15883859948761736,0.15721649484536082,ApoptosisInColonies,MCF10A+field14-002_roi#1_annotation_apop.csv,MCF10A,field14_colony,Apoptosis,387,0.0,30,150
Field14-002_ROI#1_annotation_nec.csv,0.16666666666666666,0.14056224899598393,NecrosisInColonies,MCF10A+field14-002_roi#1_annotation_nec.csv,MCF10A,field14_colony,Necrosis,249,0.0,30,150
7-20-23_10arednuclei_ROI#10_annotation_apop.csv,0.08115015974440885,0.1702127659574468,ApoptosisInColonies,MCF10A+7-20-23_10arednuclei_roi#10_annotation_apop.csv,MCF10A,field11_colony,Apoptosis,47,0.006,30,150
7-20-23_10arednuclei_ROI#10_annotation_nec.csv,0.3204667863554757,0.1619718309859155,NecrosisInColonies,MCF10A+7-20-23_10arednuclei_roi#10_annotation_nec.csv,MCF10A,field11_colony,Necrosis,142,0.0,30,150
7-20-23_10arednuclei_ROI#13_or14_both_colonies_annotation_apop.csv,0.2524779435791309,0.13709677419354838,ApoptosisInColonies,MCF10A+7-20-23_10arednuclei_roi#13_or14_both_colonies_annotation_apop.csv,MCF10A,field14_two_colony,Apoptosis,248,0.0,30,150
7-20-23_10arednuclei_ROI#13_or14_both_colonies_annotation_nec.csv,0.5402261712439419,0.1440922190201729,NecrosisInColonies,MCF10A+7-20-23_10arednuclei_roi#13_or14_both_colonies_annotation_nec.csv,MCF10A,field14_two_colony,Necrosis,348,0.0,30,150
field13_crop-001_ROI#1_annotation_mixed.csv,0.3265906583302685,0.15384615384615385,MixedColony,MCF10A+field13_crop-001_roi#1_annotation_mixed.csv,MCF10A,field13_colony,mixed,546,0.0,30,150
Field14-002_ROI#1_annotation_mixed.csv,0.32952426775726235,0.14397496087636932,MixedColony,MCF10A+field14-002_roi#1_annotation_mixed.csv,MCF10A,field14_colony,mixed,641,0.0,30,150
7-20-23_10arednuclei_ROI#10_annotation_mixed.csv,0.2605521332420716,0.14285714285714285,MixedColony,MCF10A+7-20-23_10arednuclei_roi#10_annotation_mixed.csv,MCF10A,field11_colony,mixed,200,0.0,30,150
7-20-23_10arednuclei_ROI#13_or14_both_colonies_annotation_mixed.csv,0.6068775790921596,0.13949579831932774,MixedColony,MCF10A+7-20-23_10arednuclei_roi#13_or14_both_colonies_annotation_mixed.csv,MCF10A,field14_two_colony,mixed,596,0.0,30,150
purecolony3_sytox_based.csv,0.07429085997298514,0.20707070707070707,MixedColony,MCF10A+purecolony3_sytox_based.csv,MCF10A,pure_colony_3,Necrosis,818,0.0,30,150
purecolony_sytox_based.csv,0.1932698693823334,0.16701902748414377,MixedColony,MCF10A+purecolony_sytox_based.csv,MCF10A,pure_colony_1,Necrosis,930,0.0,30,150
purecolony2_sytox_based.csv,0.12184166198764745,0.19722222222222222,MixedColony,MCF10A+purecolony2_sytox_based.csv,MCF10A,pure_colony_2,Necrosis,975,0.0,30,150
mixcolony1.csv,0.27749623339268586,0.13649851632047477,MixedColony,MCF10A+mixcolony1.csv,MCF10A,mix_colony_1,mixed,337,0.0,30,150
mixcolony2_field13.csv,0.36775686192028606,0.1285444234404537,MixedColony,MCF10A+mixcolony2_field13.csv,MCF10A,mix_colony_2,mixed,529,0.0,30,150
mixcolony3.csv,0.1222896790980053,0.14423076923076922,MixedColony,MCF10A+mixcolony3.csv,MCF10A,mix_colony_3,mixed,208,0.0,30,150
20181227_MCF10A_SKT_xy1.csv,0.09392265193370158,0.24848484848484848,MixedColony,MCF10A+TRAIL,MCF10A,skt_1,Apoptosis,165,0.0,30,150
20181227_MCF10A_SKT_xy2.csv,0.0350467289719626,0.2857142857142857,MixedColony,MCF10A+TRAIL,MCF10A,skt_2,Apoptosis,140,0.013,30,150
20181227_MCF10A_SKT_xy3.csv,0.10989010989010992,0.32057416267942584,MixedColony,MCF10A+TRAIL,MCF10A,skt_3,Apoptosis,209,0.0,30,150
20181227_MCF10A_SKT_xy4.csv,0.11715481171548112,0.2736842105263158,MixedColony,MCF10A+TRAIL,MCF10A,skt_4,Apoptosis,190,0.0,30,150
20181227_MCF10A_SKT_xy5.csv,0.04629629629629627,0.33125,MixedColony,MCF10A+TRAIL,MCF10A,skt_5,Apoptosis,160,0.008,30,150
3-11-23_10ah2bmch_ml+zvad_fullmedia_puredeath1_sytox_based.csv,0.16723705224731916,0.19374247894103488,MixedColony,MCF10A+3-11-23_10ah2bmch_ml+zvad_fullmedia_puredeath1_sytox_based.csv,MCF10A,pure_death_1,Necrosis,831,0.0,30,150
3-11-23_10ah2bmch_ml+zvad_fullmedia_puredeath2_sytox_based.csv,0.25288281040493427,0.1777434312210201,MixedColony,MCF10A+3-11-23_10ah2bmch_ml+zvad_fullmedia_puredeath2_sytox_based.csv,MCF10A,pure_death_2,Necrosis,647,0.0,30,150
3-11-23_10ah2bmch_ml+zvad_fullmedia_puredeath3_sytox_based.csv,-0.08450704225352114,0.21739130434782608,MixedColony,MCF10A+3-11-23_10ah2bmch_ml+zvad_fullmedia_puredeath3_sytox_based.csv,MCF10A,pure_death_3,Necrosis,22,0.173,30,150
field13_crop-001_ROI#1_annotation_apop.csv,0.04353867531264472,0.1729957805907173,ApoptosisInColonies,MCF10A+field13_crop-001_roi#1_annotation_apop.csv,MCF10A,field13_colony,Apoptosis,237,0.0,60,150
field13_crop-001_ROI#1_annotation_nec.csv,0.23797250859106525,0.19741100323624594,NecrosisInColonies,MCF10A+field13_crop-001_roi#1_annotation_nec.csv,MCF10A,field13_colony,Necrosis,309,0.0,60,150
Field14-002_ROI#1_annotation_apop.csv,0.161510353227771,0.16237113402061856,ApoptosisInColonies,MCF10A+field14-002_roi#1_annotation_apop.csv,MCF10A,field14_colony,Apoptosis,387,0.0,60,150
Field14-002_ROI#1_annotation_nec.csv,0.1721611721611721,0.17670682730923695,NecrosisInColonies,MCF10A+field14-002_roi#1_annotation_nec.csv,MCF10A,field14_colony,Necrosis,249,0.0,60,150
7-20-23_10arednuclei_ROI#10_annotation_apop.csv,0.08585858585858576,0.1702127659574468,ApoptosisInColonies,MCF10A+7-20-23_10arednuclei_roi#10_annotation_apop.csv,MCF10A,field11_colony,Apoptosis,47,0.002,60,150
7-20-23_10arednuclei_ROI#10_annotation_nec.csv,0.31025179856115104,0.19718309859154928,NecrosisInColonies,MCF10A+7-20-23_10arednuclei_roi#10_annotation_nec.csv,MCF10A,field11_colony,Necrosis,142,0.0,60,150
7-20-23_10arednuclei_ROI#13_or14_both_colonies_annotation_apop.csv,0.25107573149741824,0.1532258064516129,ApoptosisInColonies,MCF10A+7-20-23_10arednuclei_roi#13_or14_both_colonies_annotation_apop.csv,MCF10A,field14_two_colony,Apoptosis,248,0.0,60,150
7-20-23_10arednuclei_ROI#13_or14_both_colonies_annotation_nec.csv,0.5392287234042553,0.1930835734870317,NecrosisInColonies,MCF10A+7-20-23_10arednuclei_roi#13_or14_both_colonies_annotation_nec.csv,MCF10A,field14_two_colony,Necrosis,348,0.0,60,150
field13_crop-001_ROI#1_annotation_mixed.csv,0.3252901086756308,0.17399267399267399,MixedColony,MCF10A+field13_crop-001_roi#1_annotation_mixed.csv,MCF10A,field13_colony,mixed,546,0.0,60,150
Field14-002_ROI#1_annotation_mixed.csv,0.33,0.16588419405320814,MixedColony,MCF10A+field14-002_roi#1_annotation_mixed.csv,MCF10A,field14_colony,mixed,641,0.0,60,150
7-20-23_10arednuclei_ROI#10_annotation_mixed.csv,0.2621535665606543,0.15873015873015872,MixedColony,MCF10A+7-20-23_10arednuclei_roi#10_annotation_mixed.csv,MCF10A,field11_colony,mixed,200,0.0,60,150
7-20-23_10arednuclei_ROI#13_or14_both_colonies_annotation_mixed.csv,0.6041819515774027,0.173109243697479,MixedColony,MCF10A+7-20-23_10arednuclei_roi#13_or14_both_colonies_annotation_mixed.csv,MCF10A,field14_two_colony,mixed,596,0.0,60,150
purecolony3_sytox_based.csv,0.04629629629629625,0.21717171717171718,MixedColony,MCF10A+purecolony3_sytox_based.csv,MCF10A,pure_colony_3,Necrosis,818,0.0,60,150
purecolony_sytox_based.csv,0.2001707212974818,0.20190274841437633,MixedColony,MCF10A+purecolony_sytox_based.csv,MCF10A,pure_colony_1,Necrosis,930,0.0,60,150
purecolony2_sytox_based.csv,0.09820193637621025,0.2324074074074074,MixedColony,MCF10A+purecolony2_sytox_based.csv,MCF10A,pure_colony_2,Necrosis,975,0.0,60,150
mixcolony1.csv,0.26848567530695766,0.1661721068249258,MixedColony,MCF10A+mixcolony1.csv,MCF10A,mix_colony_1,mixed,337,0.0,60,150
mixcolony2_field13.csv,0.36744966442953014,0.17013232514177692,MixedColony,MCF10A+mixcolony2_field13.csv,MCF10A,mix_colony_2,mixed,529,0.0,60,150
mixcolony3.csv,0.12078458362009635,0.15384615384615385,MixedColony,MCF10A+mixcolony3.csv,MCF10A,mix_colony_3,mixed,208,0.0,60,150
20181227_MCF10A_SKT_xy1.csv,0.1040462427745665,0.28484848484848485,MixedColony,MCF10A+TRAIL,MCF10A,skt_1,Apoptosis,165,0.001,60,150
20181227_MCF10A_SKT_xy2.csv,0.0,0.3142857142857143,MixedColony,MCF10A+TRAIL,MCF10A,skt_2,Apoptosis,140,0.049,60,150
20181227_MCF10A_SKT_xy3.csv,0.06572769953051634,0.3492822966507177,MixedColony,MCF10A+TRAIL,MCF10A,skt_3,Apoptosis,209,0.005,60,150
20181227_MCF10A_SKT_xy4.csv,0.0638297872340426,0.3,MixedColony,MCF10A+TRAIL,MCF10A,skt_4,Apoptosis,190,0.001,60,150
20181227_MCF10A_SKT_xy5.csv,0.03333333333333326,0.34375,MixedColony,MCF10A+TRAIL,MCF10A,skt_5,Apoptosis,160,0.007,60,150
3-11-23_10ah2bmch_ml+zvad_fullmedia_puredeath1_sytox_based.csv,0.1668997668997669,0.21660649819494585,MixedColony,MCF10A+3-11-23_10ah2bmch_ml+zvad_fullmedia_puredeath1_sytox_based.csv,MCF10A,pure_death_1,Necrosis,831,0.0,60,150
3-11-23_10ah2bmch_ml+zvad_fullmedia_puredeath2_sytox_based.csv,0.25353645266594116,0.19783616692426584,MixedColony,MCF10A+3-11-23_10ah2bmch_ml+zvad_fullmedia_puredeath2_sytox_based.csv,MCF10A,pure_death_2,Necrosis,647,0.0,60,150
3-11-23_10ah2bmch_ml+zvad_fullmedia_puredeath3_sytox_based.csv,-0.12162162162162155,0.21739130434782608,MixedColony,MCF10A+3-11-23_10ah2bmch_ml+zvad_fullmedia_puredeath3_sytox_based.csv,MCF10A,pure_death_3,Necrosis,22,0.219,60,150
field13_crop-001_ROI#1_annotation_apop.csv,0.03963838664812236,0.1940928270042194,ApoptosisInColonies,MCF10A+field13_crop-001_roi#1_annotation_apop.csv,MCF10A,field13_colony,Apoptosis,237,0.001,90,150
field13_crop-001_ROI#1_annotation_nec.csv,0.2170542635658915,0.22653721682847897,NecrosisInColonies,MCF10A+field13_crop-001_roi#1_annotation_nec.csv,MCF10A,field13_colony,Necrosis,309,0.0,90,150
Field14-002_ROI#1_annotation_apop.csv,0.1509502923976608,0.18041237113402062,ApoptosisInColonies,MCF10A+field14-002_roi#1_annotation_apop.csv,MCF10A,field14_colony,Apoptosis,387,0.0,90,150
Field14-002_ROI#1_annotation_nec.csv,0.14814814814814808,0.20883534136546184,NecrosisInColonies,MCF10A+field14-002_roi#1_annotation_nec.csv,MCF10A,field14_colony,Necrosis,249,0.0,90,150
7-20-23_10arednuclei_ROI#10_annotation_apop.csv,0.07386363636363628,0.1702127659574468,ApoptosisInColonies,MCF10A+7-20-23_10arednuclei_roi#10_annotation_apop.csv,MCF10A,field11_colony,Apoptosis,47,0.004,90,150
7-20-23_10arednuclei_ROI#10_annotation_nec.csv,0.30452674897119336,0.19718309859154928,NecrosisInColonies,MCF10A+7-20-23_10arednuclei_roi#10_annotation_nec.csv,MCF10A,field11_colony,Necrosis,142,0.0,90,150
7-20-23_10arednuclei_ROI#13_or14_both_colonies_annotation_apop.csv,0.24934469200524245,0.1532258064516129,ApoptosisInColonies,MCF10A+7-20-23_10arednuclei_roi#13_or14_both_colonies_annotation_apop.csv,MCF10A,field14_two_colony,Apoptosis,248,0.0,90,150
7-20-23_10arednuclei_ROI#13_or14_both_colonies_annotation_nec.csv,0.5369458128078818,0.21037463976945245,NecrosisInColonies,MCF10A+7-20-23_10arednuclei_roi#13_or14_both_colonies_annotation_nec.csv,MCF10A,field14_two_colony,Necrosis,348,0.0,90,150
field13_crop-001_ROI#1_annotation_mixed.csv,0.32357813362782994,0.19597069597069597,MixedColony,MCF10A+field13_crop-001_roi#1_annotation_mixed.csv,MCF10A,field13_colony,mixed,546,0.0,90,150
Field14-002_ROI#1_annotation_mixed.csv,0.32429520560244207,0.17996870109546165,MixedColony,MCF10A+field14-002_roi#1_annotation_mixed.csv,MCF10A,field14_colony,mixed,641,0.0,90,150
7-20-23_10arednuclei_ROI#10_annotation_mixed.csv,0.251542152159013,0.1693121693121693,MixedColony,MCF10A+7-20-23_10arednuclei_roi#10_annotation_mixed.csv,MCF10A,field11_colony,mixed,200,0.0,90,150
7-20-23_10arednuclei_ROI#13_or14_both_colonies_annotation_mixed.csv,0.6036847208754675,0.17983193277310924,MixedColony,MCF10A+7-20-23_10arednuclei_roi#13_or14_both_colonies_annotation_mixed.csv,MCF10A,field14_two_colony,mixed,596,0.0,90,150
purecolony3_sytox_based.csv,-0.010484927916120544,0.22853535353535354,MixedColony,MCF10A+purecolony3_sytox_based.csv,MCF10A,pure_colony_3,Necrosis,818,0.143,90,150
purecolony_sytox_based.csv,0.13805697589481378,0.21987315010570824,MixedColony,MCF10A+purecolony_sytox_based.csv,MCF10A,pure_colony_1,Necrosis,930,0.0,90,150
purecolony2_sytox_based.csv,0.005532503457814669,0.2462962962962963,MixedColony,MCF10A+purecolony2_sytox_based.csv,MCF10A,pure_colony_2,Necrosis,975,0.028,90,150
mixcolony1.csv,0.2717525773195877,0.19881305637982197,MixedColony,MCF10A+mixcolony1.csv,MCF10A,mix_colony_1,mixed,337,0.0,90,150
mixcolony2_field13.csv,0.37292904032510155,0.18714555765595464,MixedColony,MCF10A+mixcolony2_field13.csv,MCF10A,mix_colony_2,mixed,529,0.0,90,150
mixcolony3.csv,0.12345041322314058,0.16826923076923078,MixedColony,MCF10A+mixcolony3.csv,MCF10A,mix_colony_3,mixed,208,0.0,90,150
20181227_MCF10A_SKT_xy1.csv,0.0637254901960784,0.2909090909090909,MixedColony,MCF10A+TRAIL,MCF10A,skt_1,Apoptosis,165,0.005,90,150
20181227_MCF10A_SKT_xy2.csv,0.12280701754385971,0.35,MixedColony,MCF10A+TRAIL,MCF10A,skt_2,Apoptosis,140,0.0,90,150
20181227_MCF10A_SKT_xy3.csv,0.024000000000000053,0.37320574162679426,MixedColony,MCF10A+TRAIL,MCF10A,skt_3,Apoptosis,209,0.026,90,150
20181227_MCF10A_SKT_xy4.csv,0.15384615384615385,0.3,MixedColony,MCF10A+TRAIL,MCF10A,skt_4,Apoptosis,190,0.0,90,150
20181227_MCF10A_SKT_xy5.csv,-0.0155038759689923,0.375,MixedColony,MCF10A+TRAIL,MCF10A,skt_5,Apoptosis,160,0.065,90,150
3-11-23_10ah2bmch_ml+zvad_fullmedia_puredeath1_sytox_based.csv,0.1585820895522388,0.2286401925391095,MixedColony,MCF10A+3-11-23_10ah2bmch_ml+zvad_fullmedia_puredeath1_sytox_based.csv,MCF10A,pure_death_1,Necrosis,831,0.0,90,150
3-11-23_10ah2bmch_ml+zvad_fullmedia_puredeath2_sytox_based.csv,0.21496062992125975,0.2071097372488408,MixedColony,MCF10A+3-11-23_10ah2bmch_ml+zvad_fullmedia_puredeath2_sytox_based.csv,MCF10A,pure_death_2,Necrosis,647,0.0,90,150
3-11-23_10ah2bmch_ml+zvad_fullmedia_puredeath3_sytox_based.csv,-0.060000000000000143,0.21739130434782608,MixedColony,MCF10A+3-11-23_10ah2bmch_ml+zvad_fullmedia_puredeath3_sytox_based.csv,MCF10A,pure_death_3,Necrosis,22,0.086,90,150
field13_crop-001_ROI#1_annotation_apop.csv,0.043519394512772064,0.19831223628691982,ApoptosisInColonies,MCF10A+field13_crop-001_roi#1_annotation_apop.csv,MCF10A,field13_colony,Apoptosis,237,0.0,120,150
field13_crop-001_ROI#1_annotation_nec.csv,0.2868589743589743,0.2524271844660194,NecrosisInColonies,MCF10A+field13_crop-001_roi#1_annotation_nec.csv,MCF10A,field13_colony,Necrosis,309,0.0,120,150
Field14-002_ROI#1_annotation_apop.csv,0.17141477547078712,0.18814432989690721,ApoptosisInColonies,MCF10A+field14-002_roi#1_annotation_apop.csv,MCF10A,field14_colony,Apoptosis,387,0.0,120,150
Field14-002_ROI#1_annotation_nec.csv,0.19257950530035334,0.22088353413654618,NecrosisInColonies,MCF10A+field14-002_roi#1_annotation_nec.csv,MCF10A,field14_colony,Necrosis,249,0.0,120,150
7-20-23_10arednuclei_ROI#10_annotation_apop.csv,0.07341772151898739,0.1702127659574468,ApoptosisInColonies,MCF10A+7-20-23_10arednuclei_roi#10_annotation_apop.csv,MCF10A,field11_colony,Apoptosis,47,0.004,120,150
7-20-23_10arednuclei_ROI#10_annotation_nec.csv,0.2743682310469315,0.22535211267605634,NecrosisInColonies,MCF10A+7-20-23_10arednuclei_roi#10_annotation_nec.csv,MCF10A,field11_colony,Necrosis,142,0.0,120,150
7-20-23_10arednuclei_ROI#13_or14_both_colonies_annotation_apop.csv,0.25143868968570154,0.1693548387096774,ApoptosisInColonies,MCF10A+7-20-23_10arednuclei_roi#13_or14_both_colonies_annotation_apop.csv,MCF10A,field14_two_colony,Apoptosis,248,0.0,120,150
7-20-23_10arednuclei_ROI#13_or14_both_colonies_annotation_nec.csv,0.5089514066496164,0.2276657060518732,NecrosisInColonies,MCF10A+7-20-23_10arednuclei_roi#13_or14_both_colonies_annotation_nec.csv,MCF10A,field14_two_colony,Necrosis,348,0.0,120,150
field13_crop-001_ROI#1_annotation_mixed.csv,0.34423845874227554,0.2032967032967033,MixedColony,MCF10A+field13_crop-001_roi#1_annotation_mixed.csv,MCF10A,field13_colony,mixed,546,0.0,120,150
Field14-002_ROI#1_annotation_mixed.csv,0.33253012048192776,0.18779342723004694,MixedColony,MCF10A+field14-002_roi#1_annotation_mixed.csv,MCF10A,field14_colony,mixed,641,0.0,120,150
7-20-23_10arednuclei_ROI#10_annotation_mixed.csv,0.25022583559168926,0.18518518518518517,MixedColony,MCF10A+7-20-23_10arednuclei_roi#10_annotation_mixed.csv,MCF10A,field11_colony,mixed,200,0.0,120,150
7-20-23_10arednuclei_ROI#13_or14_both_colonies_annotation_mixed.csv,0.604831274202471,0.2,MixedColony,MCF10A+7-20-23_10arednuclei_roi#13_or14_both_colonies_annotation_mixed.csv,MCF10A,field14_two_colony,mixed,596,0.0,120,150
purecolony3_sytox_based.csv,0.08674698795180713,0.2297979797979798,MixedColony,MCF10A+purecolony3_sytox_based.csv,MCF10A,pure_colony_3,Necrosis,818,0.0,120,150
purecolony_sytox_based.csv,0.23377638780297108,0.21987315010570824,MixedColony,MCF10A+purecolony_sytox_based.csv,MCF10A,pure_colony_1,Necrosis,930,0.0,120,150
purecolony2_sytox_based.csv,0.1458106637649619,0.23055555555555557,MixedColony,MCF10A+purecolony2_sytox_based.csv,MCF10A,pure_colony_2,Necrosis,975,0.0,120,150
mixcolony1.csv,0.28040904198062433,0.20771513353115728,MixedColony,MCF10A+mixcolony1.csv,MCF10A,mix_colony_1,mixed,337,0.0,120,150
mixcolony2_field13.csv,0.36073253833049396,0.19848771266540643,MixedColony,MCF10A+mixcolony2_field13.csv,MCF10A,mix_colony_2,mixed,529,0.0,120,150
mixcolony3.csv,0.12321307011572492,0.16346153846153846,MixedColony,MCF10A+mixcolony3.csv,MCF10A,mix_colony_3,mixed,208,0.0,120,150
20181227_MCF10A_SKT_xy1.csv,0.11111111111111113,0.30303030303030304,MixedColony,MCF10A+TRAIL,MCF10A,skt_1,Apoptosis,165,0.0,120,150
20181227_MCF10A_SKT_xy2.csv,-0.15999999999999995,0.34285714285714286,MixedColony,MCF10A+TRAIL,MCF10A,skt_2,Apoptosis,140,0.466,120,150
20181227_MCF10A_SKT_xy3.csv,-0.023255813953488354,0.3875598086124402,MixedColony,MCF10A+TRAIL,MCF10A,skt_3,Apoptosis,209,0.061,120,150
20181227_MCF10A_SKT_xy4.csv,0.05454545454545455,0.33157894736842103,MixedColony,MCF10A+TRAIL,MCF10A,skt_4,Apoptosis,190,0.015,120,150
20181227_MCF10A_SKT_xy5.csv,0.0422535211267605,0.375,MixedColony,MCF10A+TRAIL,MCF10A,skt_5,Apoptosis,160,0.019,120,150
3-11-23_10ah2bmch_ml+zvad_fullmedia_puredeath1_sytox_based.csv,0.23399390243902435,0.2286401925391095,MixedColony,MCF10A+3-11-23_10ah2bmch_ml+zvad_fullmedia_puredeath1_sytox_based.csv,MCF10A,pure_death_1,Necrosis,831,0.0,120,150
3-11-23_10ah2bmch_ml+zvad_fullmedia_puredeath2_sytox_based.csv,0.27927927927927926,0.2132921174652241,MixedColony,MCF10A+3-11-23_10ah2bmch_ml+zvad_fullmedia_puredeath2_sytox_based.csv,MCF10A,pure_death_2,Necrosis,647,0.0,120,150
3-11-23_10ah2bmch_ml+zvad_fullmedia_puredeath3_sytox_based.csv,-0.18518518518518515,0.30434782608695654,MixedColony,MCF10A+3-11-23_10ah2bmch_ml+zvad_fullmedia_puredeath3_sytox_based.csv,MCF10A,pure_death_3,Necrosis,22,0.211,120,150
field13_crop-001_ROI#1_annotation_apop.csv,0.03613438917505952,0.13924050632911392,ApoptosisInColonies,MCF10A+field13_crop-001_roi#1_annotation_apop.csv,MCF10A,field13_colony,Apoptosis,237,0.001,5,200
field13_crop-001_ROI#1_annotation_nec.csv,0.26014319809069214,0.10355987055016182,NecrosisInColonies,MCF10A+field13_crop-001_roi#1_annotation_nec.csv,MCF10A,field13_colony,Necrosis,309,0.0,5,200
Field14-002_ROI#1_annotation_apop.csv,0.1625544267053701,0.13917525773195877,ApoptosisInColonies,MCF10A+field14-002_roi#1_annotation_apop.csv,MCF10A,field14_colony,Apoptosis,387,0.0,5,200
Field14-002_ROI#1_annotation_nec.csv,0.11311172668513392,0.11646586345381527,NecrosisInColonies,MCF10A+field14-002_roi#1_annotation_nec.csv,MCF10A,field14_colony,Necrosis,249,0.0,5,200
7-20-23_10arednuclei_ROI#10_annotation_apop.csv,0.0954374215152783,0.14893617021276595,ApoptosisInColonies,MCF10A+7-20-23_10arednuclei_roi#10_annotation_apop.csv,MCF10A,field11_colony,Apoptosis,47,0.002,5,200
7-20-23_10arednuclei_ROI#10_annotation_nec.csv,0.31786404878774355,0.14084507042253522,NecrosisInColonies,MCF10A+7-20-23_10arednuclei_roi#10_annotation_nec.csv,MCF10A,field11_colony,Necrosis,142,0.0,5,200
7-20-23_10arednuclei_ROI#13_or14_both_colonies_annotation_apop.csv,0.24881541914567673,0.12096774193548387,ApoptosisInColonies,MCF10A+7-20-23_10arednuclei_roi#13_or14_both_colonies_annotation_apop.csv,MCF10A,field14_two_colony,Apoptosis,248,0.0,5,200
7-20-23_10arednuclei_ROI#13_or14_both_colonies_annotation_nec.csv,0.5324019344438474,0.08645533141210375,NecrosisInColonies,MCF10A+7-20-23_10arednuclei_roi#13_or14_both_colonies_annotation_nec.csv,MCF10A,field14_two_colony,Necrosis,348,0.0,5,200
field13_crop-001_ROI#1_annotation_mixed.csv,0.3257582727635171,0.11355311355311355,MixedColony,MCF10A+field13_crop-001_roi#1_annotation_mixed.csv,MCF10A,field13_colony,mixed,546,0.0,5,200
Field14-002_ROI#1_annotation_mixed.csv,0.3291778538562118,0.12519561815336464,MixedColony,MCF10A+field14-002_roi#1_annotation_mixed.csv,MCF10A,field14_colony,mixed,641,0.0,5,200
7-20-23_10arednuclei_ROI#10_annotation_mixed.csv,0.26148969889064966,0.12169312169312169,MixedColony,MCF10A+7-20-23_10arednuclei_roi#10_annotation_mixed.csv,MCF10A,field11_colony,mixed,200,0.0,5,200
7-20-23_10arednuclei_ROI#13_or14_both_colonies_annotation_mixed.csv,0.6020679288826807,0.10756302521008404,MixedColony,MCF10A+7-20-23_10arednuclei_roi#13_or14_both_colonies_annotation_mixed.csv,MCF10A,field14_two_colony,mixed,596,0.0,5,200
purecolony3_sytox_based.csv,0.059258216623266954,0.14898989898989898,MixedColony,MCF10A+purecolony3_sytox_based.csv,MCF10A,pure_colony_3,Necrosis,818,0.0,5,200
purecolony_sytox_based.csv,0.18987573769289995,0.12790697674418605,MixedColony,MCF10A+purecolony_sytox_based.csv,MCF10A,pure_colony_1,Necrosis,930,0.0,5,200
purecolony2_sytox_based.csv,0.12510530749789386,0.13796296296296295,MixedColony,MCF10A+purecolony2_sytox_based.csv,MCF10A,pure_colony_2,Necrosis,975,0.0,5,200
mixcolony1.csv,0.27291123302455256,0.10385756676557864,MixedColony,MCF10A+mixcolony1.csv,MCF10A,mix_colony_1,mixed,337,0.0,5,200
mixcolony2_field13.csv,0.37357607100426304,0.10207939508506617,MixedColony,MCF10A+mixcolony2_field13.csv,MCF10A,mix_colony_2,mixed,529,0.0,5,200
mixcolony3.csv,0.118089442562719,0.12980769230769232,MixedColony,MCF10A+mixcolony3.csv,MCF10A,mix_colony_3,mixed,208,0.0,5,200
20181227_MCF10A_SKT_xy1.csv,0.08771929824561403,0.19393939393939394,MixedColony,MCF10A+TRAIL,MCF10A,skt_1,Apoptosis,165,0.0,5,200
20181227_MCF10A_SKT_xy2.csv,-0.005586592178771018,0.22857142857142856,MixedColony,MCF10A+TRAIL,MCF10A,skt_2,Apoptosis,140,0.069,5,200
20181227_MCF10A_SKT_xy3.csv,0.07384341637010672,0.2535885167464115,MixedColony,MCF10A+TRAIL,MCF10A,skt_3,Apoptosis,209,0.0,5,200
20181227_MCF10A_SKT_xy4.csv,0.12446717817561795,0.20526315789473684,MixedColony,MCF10A+TRAIL,MCF10A,skt_4,Apoptosis,190,0.0,5,200
20181227_MCF10A_SKT_xy5.csv,0.027898866608544088,0.25625,MixedColony,MCF10A+TRAIL,MCF10A,skt_5,Apoptosis,160,0.006,5,200
3-11-23_10ah2bmch_ml+zvad_fullmedia_puredeath1_sytox_based.csv,0.16339001062699254,0.15042117930204574,MixedColony,MCF10A+3-11-23_10ah2bmch_ml+zvad_fullmedia_puredeath1_sytox_based.csv,MCF10A,pure_death_1,Necrosis,831,0.0,5,200
3-11-23_10ah2bmch_ml+zvad_fullmedia_puredeath2_sytox_based.csv,0.25495049504950495,0.13292117465224113,MixedColony,MCF10A+3-11-23_10ah2bmch_ml+zvad_fullmedia_puredeath2_sytox_based.csv,MCF10A,pure_death_2,Necrosis,647,0.0,5,200
3-11-23_10ah2bmch_ml+zvad_fullmedia_puredeath3_sytox_based.csv,-0.08962264150943393,0.17391304347826086,MixedColony,MCF10A+3-11-23_10ah2bmch_ml+zvad_fullmedia_puredeath3_sytox_based.csv,MCF10A,pure_death_3,Necrosis,22,0.154,5,200
field13_crop-001_ROI#1_annotation_apop.csv,0.042784017113606757,0.14345991561181434,ApoptosisInColonies,MCF10A+field13_crop-001_roi#1_annotation_apop.csv,MCF10A,field13_colony,Apoptosis,237,0.001,10,200
field13_crop-001_ROI#1_annotation_nec.csv,0.25717905405405406,0.11650485436893204,NecrosisInColonies,MCF10A+field13_crop-001_roi#1_annotation_nec.csv,MCF10A,field13_colony,Necrosis,309,0.0,10,200
Field14-002_ROI#1_annotation_apop.csv,0.15942204953861105,0.14690721649484537,ApoptosisInColonies,MCF10A+field14-002_roi#1_annotation_apop.csv,MCF10A,field14_colony,Apoptosis,387,0.0,10,200
Field14-002_ROI#1_annotation_nec.csv,0.1120676402767102,0.12449799196787148,NecrosisInColonies,MCF10A+field14-002_roi#1_annotation_nec.csv,MCF10A,field14_colony,Necrosis,249,0.0,10,200
7-20-23_10arednuclei_ROI#10_annotation_apop.csv,0.10052029136316334,0.14893617021276595,ApoptosisInColonies,MCF10A+7-20-23_10arednuclei_roi#10_annotation_apop.csv,MCF10A,field11_colony,Apoptosis,47,0.002,10,200
7-20-23_10arednuclei_ROI#10_annotation_nec.csv,0.3182696595807938,0.14084507042253522,NecrosisInColonies,MCF10A+7-20-23_10arednuclei_roi#10_annotation_nec.csv,MCF10A,field11_colony,Necrosis,142,0.0,10,200
7-20-23_10arednuclei_ROI#13_or14_both_colonies_annotation_apop.csv,0.25121630739727985,0.12096774193548387,ApoptosisInColonies,MCF10A+7-20-23_10arednuclei_roi#13_or14_both_colonies_annotation_apop.csv,MCF10A,field14_two_colony,Apoptosis,248,0.0,10,200
7-20-23_10arednuclei_ROI#13_or14_both_colonies_annotation_nec.csv,0.5334048257372654,0.08645533141210375,NecrosisInColonies,MCF10A+7-20-23_10arednuclei_roi#13_or14_both_colonies_annotation_nec.csv,MCF10A,field14_two_colony,Necrosis,348,0.0,10,200
field13_crop-001_ROI#1_annotation_mixed.csv,0.32610626244066765,0.1227106227106227,MixedColony,MCF10A+field13_crop-001_roi#1_annotation_mixed.csv,MCF10A,field13_colony,mixed,546,0.0,10,200
Field14-002_ROI#1_annotation_mixed.csv,0.32834002436734777,0.13302034428794993,MixedColony,MCF10A+field14-002_roi#1_annotation_mixed.csv,MCF10A,field14_colony,mixed,641,0.0,10,200
7-20-23_10arednuclei_ROI#10_annotation_mixed.csv,0.26332429990966566,0.12169312169312169,MixedColony,MCF10A+7-20-23_10arednuclei_roi#10_annotation_mixed.csv,MCF10A,field11_colony,mixed,200,0.0,10,200
7-20-23_10arednuclei_ROI#13_or14_both_colonies_annotation_mixed.csv,0.6015476534350913,0.10756302521008404,MixedColony,MCF10A+7-20-23_10arednuclei_roi#13_or14_both_colonies_annotation_mixed.csv,MCF10A,field14_two_colony,mixed,596,0.0,10,200
purecolony3_sytox_based.csv,0.06262285874754286,0.1691919191919192,MixedColony,MCF10A+purecolony3_sytox_based.csv,MCF10A,pure_colony_3,Necrosis,818,0.0,10,200
purecolony_sytox_based.csv,0.1877383396890583,0.1331923890063425,MixedColony,MCF10A+purecolony_sytox_based.csv,MCF10A,pure_colony_1,Necrosis,930,0.0,10,200
purecolony2_sytox_based.csv,0.1236165822547364,0.15,MixedColony,MCF10A+purecolony2_sytox_based.csv,MCF10A,pure_colony_2,Necrosis,975,0.0,10,200
mixcolony1.csv,0.2715025906735751,0.10385756676557864,MixedColony,MCF10A+mixcolony1.csv,MCF10A,mix_colony_1,mixed,337,0.0,10,200
mixcolony2_field13.csv,0.37247969756370763,0.10207939508506617,MixedColony,MCF10A+mixcolony2_field13.csv,MCF10A,mix_colony_2,mixed,529,0.0,10,200
mixcolony3.csv,0.11824130409826662,0.12980769230769232,MixedColony,MCF10A+mixcolony3.csv,MCF10A,mix_colony_3,mixed,208,0.0,10,200
20181227_MCF10A_SKT_xy1.csv,0.08356218124754798,0.19393939393939394,MixedColony,MCF10A+TRAIL,MCF10A,skt_1,Apoptosis,165,0.0,10,200
20181227_MCF10A_SKT_xy2.csv,-0.013157894736842087,0.22857142857142856,MixedColony,MCF10A+TRAIL,MCF10A,skt_2,Apoptosis,140,0.098,10,200
20181227_MCF10A_SKT_xy3.csv,0.07992895204262875,0.2535885167464115,MixedColony,MCF10A+TRAIL,MCF10A,skt_3,Apoptosis,209,0.0,10,200
20181227_MCF10A_SKT_xy4.csv,0.12457142857142858,0.20526315789473684,MixedColony,MCF10A+TRAIL,MCF10A,skt_4,Apoptosis,190,0.0,10,200
20181227_MCF10A_SKT_xy5.csv,0.037122969837587,0.25625,MixedColony,MCF10A+TRAIL,MCF10A,skt_5,Apoptosis,160,0.01,10,200
3-11-23_10ah2bmch_ml+zvad_fullmedia_puredeath1_sytox_based.csv,0.16563950391843565,0.15764139590854392,MixedColony,MCF10A+3-11-23_10ah2bmch_ml+zvad_fullmedia_puredeath1_sytox_based.csv,MCF10A,pure_death_1,Necrosis,831,0.0,10,200
3-11-23_10ah2bmch_ml+zvad_fullmedia_puredeath2_sytox_based.csv,0.25484813601345974,0.14837712519319937,MixedColony,MCF10A+3-11-23_10ah2bmch_ml+zvad_fullmedia_puredeath2_sytox_based.csv,MCF10A,pure_death_2,Necrosis,647,0.0,10,200
3-11-23_10ah2bmch_ml+zvad_fullmedia_puredeath3_sytox_based.csv,-0.10401891252955082,0.17391304347826086,MixedColony,MCF10A+3-11-23_10ah2bmch_ml+zvad_fullmedia_puredeath3_sytox_based.csv,MCF10A,pure_death_3,Necrosis,22,0.204,10,200
field13_crop-001_ROI#1_annotation_apop.csv,0.041762276273519985,0.16455696202531644,ApoptosisInColonies,MCF10A+field13_crop-001_roi#1_annotation_apop.csv,MCF10A,field13_colony,Apoptosis,237,0.0,30,200
field13_crop-001_ROI#1_annotation_nec.csv,0.2560873215785054,0.16181229773462782,NecrosisInColonies,MCF10A+field13_crop-001_roi#1_annotation_nec.csv,MCF10A,field13_colony,Necrosis,309,0.0,30,200
Field14-002_ROI#1_annotation_apop.csv,0.1607748184019371,0.15463917525773196,ApoptosisInColonies,MCF10A+field14-002_roi#1_annotation_apop.csv,MCF10A,field14_colony,Apoptosis,387,0.0,30,200
Field14-002_ROI#1_annotation_nec.csv,0.0993006993006993,0.14056224899598393,NecrosisInColonies,MCF10A+field14-002_roi#1_annotation_nec.csv,MCF10A,field14_colony,Necrosis,249,0.0,30,200
7-20-23_10arednuclei_ROI#10_annotation_apop.csv,0.10267579340385816,0.1702127659574468,ApoptosisInColonies,MCF10A+7-20-23_10arednuclei_roi#10_annotation_apop.csv,MCF10A,field11_colony,Apoptosis,47,0.001,30,200
7-20-23_10arednuclei_ROI#10_annotation_nec.csv,0.3187108325872874,0.1619718309859155,NecrosisInColonies,MCF10A+7-20-23_10arednuclei_roi#10_annotation_nec.csv,MCF10A,field11_colony,Necrosis,142,0.0,30,200
7-20-23_10arednuclei_ROI#13_or14_both_colonies_annotation_apop.csv,0.24967741935483867,0.12903225806451613,ApoptosisInColonies,MCF10A+7-20-23_10arednuclei_roi#13_or14_both_colonies_annotation_apop.csv,MCF10A,field14_two_colony,Apoptosis,248,0.0,30,200
7-20-23_10arednuclei_ROI#13_or14_both_colonies_annotation_nec.csv,0.5357603092783506,0.14121037463976946,NecrosisInColonies,MCF10A+7-20-23_10arednuclei_roi#13_or14_both_colonies_annotation_nec.csv,MCF10A,field14_two_colony,Necrosis,348,0.0,30,200
field13_crop-001_ROI#1_annotation_mixed.csv,0.32462652369168726,0.15384615384615385,MixedColony,MCF10A+field13_crop-001_roi#1_annotation_mixed.csv,MCF10A,field13_colony,mixed,546,0.0,30,200
Field14-002_ROI#1_annotation_mixed.csv,0.32881559220389805,0.14241001564945227,MixedColony,MCF10A+field14-002_roi#1_annotation_mixed.csv,MCF10A,field14_colony,mixed,641,0.0,30,200
7-20-23_10arednuclei_ROI#10_annotation_mixed.csv,0.26392032593933906,0.14285714285714285,MixedColony,MCF10A+7-20-23_10arednuclei_roi#10_annotation_mixed.csv,MCF10A,field11_colony,mixed,200,0.0,30,200
7-20-23_10arednuclei_ROI#13_or14_both_colonies_annotation_mixed.csv,0.6037735849056604,0.13781512605042018,MixedColony,MCF10A+7-20-23_10arednuclei_roi#13_or14_both_colonies_annotation_mixed.csv,MCF10A,field14_two_colony,mixed,596,0.0,30,200
purecolony3_sytox_based.csv,0.05869175627240142,0.20707070707070707,MixedColony,MCF10A+purecolony3_sytox_based.csv,MCF10A,pure_colony_3,Necrosis,818,0.0,30,200
purecolony_sytox_based.csv,0.19140969162995597,0.16596194503171247,MixedColony,MCF10A+purecolony_sytox_based.csv,MCF10A,pure_colony_1,Necrosis,930,0.0,30,200
purecolony2_sytox_based.csv,0.1198208286674133,0.19722222222222222,MixedColony,MCF10A+purecolony2_sytox_based.csv,MCF10A,pure_colony_2,Necrosis,975,0.0,30,200
mixcolony1.csv,0.2705307452151487,0.13649851632047477,MixedColony,MCF10A+mixcolony1.csv,MCF10A,mix_colony_1,mixed,337,0.0,30,200
mixcolony2_field13.csv,0.3689777963971512,0.1285444234404537,MixedColony,MCF10A+mixcolony2_field13.csv,MCF10A,mix_colony_2,mixed,529,0.0,30,200
mixcolony3.csv,0.12345679012345674,0.14423076923076922,MixedColony,MCF10A+mixcolony3.csv,MCF10A,mix_colony_3,mixed,208,0.0,30,200
20181227_MCF10A_SKT_xy1.csv,0.07947805456702257,0.21818181818181817,MixedColony,MCF10A+TRAIL,MCF10A,skt_1,Apoptosis,165,0.0,30,200
20181227_MCF10A_SKT_xy2.csv,-0.03071017274472161,0.2357142857142857,MixedColony,MCF10A+TRAIL,MCF10A,skt_2,Apoptosis,140,0.155,30,200
20181227_MCF10A_SKT_xy3.csv,0.07567567567567567,0.27751196172248804,MixedColony,MCF10A+TRAIL,MCF10A,skt_3,Apoptosis,209,0.001,30,200
20181227_MCF10A_SKT_xy4.csv,0.10934744268077598,0.21578947368421053,MixedColony,MCF10A+TRAIL,MCF10A,skt_4,Apoptosis,190,0.0,30,200
20181227_MCF10A_SKT_xy5.csv,0.03539823008849565,0.28125,MixedColony,MCF10A+TRAIL,MCF10A,skt_5,Apoptosis,160,0.007,30,200
3-11-23_10ah2bmch_ml+zvad_fullmedia_puredeath1_sytox_based.csv,0.1701112877583465,0.19374247894103488,MixedColony,MCF10A+3-11-23_10ah2bmch_ml+zvad_fullmedia_puredeath1_sytox_based.csv,MCF10A,pure_death_1,Necrosis,831,0.0,30,200
3-11-23_10ah2bmch_ml+zvad_fullmedia_puredeath2_sytox_based.csv,0.2540106951871658,0.1777434312210201,MixedColony,MCF10A+3-11-23_10ah2bmch_ml+zvad_fullmedia_puredeath2_sytox_based.csv,MCF10A,pure_death_2,Necrosis,647,0.0,30,200
3-11-23_10ah2bmch_ml+zvad_fullmedia_puredeath3_sytox_based.csv,-0.10000000000000006,0.21739130434782608,MixedColony,MCF10A+3-11-23_10ah2bmch_ml+zvad_fullmedia_puredeath3_sytox_based.csv,MCF10A,pure_death_3,Necrosis,22,0.183,30,200
field13_crop-001_ROI#1_annotation_apop.csv,0.03983516483516485,0.16877637130801687,ApoptosisInColonies,MCF10A+field13_crop-001_roi#1_annotation_apop.csv,MCF10A,field13_colony,Apoptosis,237,0.0,60,200
field13_crop-001_ROI#1_annotation_nec.csv,0.23544520547945205,0.1941747572815534,NecrosisInColonies,MCF10A+field13_crop-001_roi#1_annotation_nec.csv,MCF10A,field13_colony,Necrosis,309,0.0,60,200
Field14-002_ROI#1_annotation_apop.csv,0.16198547215496373,0.15979381443298968,ApoptosisInColonies,MCF10A+field14-002_roi#1_annotation_apop.csv,MCF10A,field14_colony,Apoptosis,387,0.0,60,200
Field14-002_ROI#1_annotation_nec.csv,0.10646041856232938,0.17670682730923695,NecrosisInColonies,MCF10A+field14-002_roi#1_annotation_nec.csv,MCF10A,field14_colony,Necrosis,249,0.0,60,200
7-20-23_10arednuclei_ROI#10_annotation_apop.csv,0.09813664596273283,0.1702127659574468,ApoptosisInColonies,MCF10A+7-20-23_10arednuclei_roi#10_annotation_apop.csv,MCF10A,field11_colony,Apoptosis,47,0.002,60,200
7-20-23_10arednuclei_ROI#10_annotation_nec.csv,0.30665467625899273,0.19718309859154928,NecrosisInColonies,MCF10A+7-20-23_10arednuclei_roi#10_annotation_nec.csv,MCF10A,field11_colony,Necrosis,142,0.0,60,200
7-20-23_10arednuclei_ROI#13_or14_both_colonies_annotation_apop.csv,0.24680851063829787,0.14112903225806453,ApoptosisInColonies,MCF10A+7-20-23_10arednuclei_roi#13_or14_both_colonies_annotation_apop.csv,MCF10A,field14_two_colony,Apoptosis,248,0.0,60,200
7-20-23_10arednuclei_ROI#13_or14_both_colonies_annotation_nec.csv,0.5347912524850895,0.19020172910662825,NecrosisInColonies,MCF10A+7-20-23_10arednuclei_roi#13_or14_both_colonies_annotation_nec.csv,MCF10A,field14_two_colony,Necrosis,348,0.0,60,200
field13_crop-001_ROI#1_annotation_mixed.csv,0.3221772710555352,0.17399267399267399,MixedColony,MCF10A+field13_crop-001_roi#1_annotation_mixed.csv,MCF10A,field13_colony,mixed,546,0.0,60,200
Field14-002_ROI#1_annotation_mixed.csv,0.3297323250510142,0.1643192488262911,MixedColony,MCF10A+field14-002_roi#1_annotation_mixed.csv,MCF10A,field14_colony,mixed,641,0.0,60,200
7-20-23_10arednuclei_ROI#10_annotation_mixed.csv,0.2611060743427018,0.15873015873015872,MixedColony,MCF10A+7-20-23_10arednuclei_roi#10_annotation_mixed.csv,MCF10A,field11_colony,mixed,200,0.0,60,200
7-20-23_10arednuclei_ROI#13_or14_both_colonies_annotation_mixed.csv,0.601387747649046,0.16974789915966387,MixedColony,MCF10A+7-20-23_10arednuclei_roi#13_or14_both_colonies_annotation_mixed.csv,MCF10A,field14_two_colony,mixed,596,0.0,60,200
purecolony3_sytox_based.csv,0.026777469990766353,0.21717171717171718,MixedColony,MCF10A+purecolony3_sytox_based.csv,MCF10A,pure_colony_3,Necrosis,818,0.003,60,200
purecolony_sytox_based.csv,0.19522591645353796,0.20084566596194503,MixedColony,MCF10A+purecolony_sytox_based.csv,MCF10A,pure_colony_1,Necrosis,930,0.0,60,200
purecolony2_sytox_based.csv,0.09655172413793092,0.23148148148148148,MixedColony,MCF10A+purecolony2_sytox_based.csv,MCF10A,pure_colony_2,Necrosis,975,0.0,60,200
mixcolony1.csv,0.26102245063565044,0.1632047477744807,MixedColony,MCF10A+mixcolony1.csv,MCF10A,mix_colony_1,mixed,337,0.0,60,200
mixcolony2_field13.csv,0.3685750104471375,0.17013232514177692,MixedColony,MCF10A+mixcolony2_field13.csv,MCF10A,mix_colony_2,mixed,529,0.0,60,200
mixcolony3.csv,0.12121212121212117,0.15384615384615385,MixedColony,MCF10A+mixcolony3.csv,MCF10A,mix_colony_3,mixed,208,0.0,60,200
20181227_MCF10A_SKT_xy1.csv,0.08500000000000003,0.2606060606060606,MixedColony,MCF10A+TRAIL,MCF10A,skt_1,Apoptosis,165,0.001,60,200
20181227_MCF10A_SKT_xy2.csv,-0.06666666666666674,0.2714285714285714,MixedColony,MCF10A+TRAIL,MCF10A,skt_2,Apoptosis,140,0.346,60,200
20181227_MCF10A_SKT_xy3.csv,0.011627906976744156,0.291866028708134,MixedColony,MCF10A+TRAIL,MCF10A,skt_3,Apoptosis,209,0.028,60,200
20181227_MCF10A_SKT_xy4.csv,0.07773851590106019,0.24210526315789474,MixedColony,MCF10A+TRAIL,MCF10A,skt_4,Apoptosis,190,0.0,60,200
20181227_MCF10A_SKT_xy5.csv,0.02898550724637674,0.29375,MixedColony,MCF10A+TRAIL,MCF10A,skt_5,Apoptosis,160,0.014,60,200
3-11-23_10ah2bmch_ml+zvad_fullmedia_puredeath1_sytox_based.csv,0.16914498141263945,0.21660649819494585,MixedColony,MCF10A+3-11-23_10ah2bmch_ml+zvad_fullmedia_puredeath1_sytox_based.csv,MCF10A,pure_death_1,Necrosis,831,0.0,60,200
3-11-23_10ah2bmch_ml+zvad_fullmedia_puredeath2_sytox_based.csv,0.25420966865833794,0.19783616692426584,MixedColony,MCF10A+3-11-23_10ah2bmch_ml+zvad_fullmedia_puredeath2_sytox_based.csv,MCF10A,pure_death_2,Necrosis,647,0.0,60,200
3-11-23_10ah2bmch_ml+zvad_fullmedia_puredeath3_sytox_based.csv,-0.15277777777777776,0.21739130434782608,MixedColony,MCF10A+3-11-23_10ah2bmch_ml+zvad_fullmedia_puredeath3_sytox_based.csv,MCF10A,pure_death_3,Necrosis,22,0.222,60,200
field13_crop-001_ROI#1_annotation_apop.csv,0.03310344827586212,0.189873417721519,ApoptosisInColonies,MCF10A+field13_crop-001_roi#1_annotation_apop.csv,MCF10A,field13_colony,Apoptosis,237,0.004,90,200
field13_crop-001_ROI#1_annotation_nec.csv,0.21666666666666662,0.22653721682847897,NecrosisInColonies,MCF10A+field13_crop-001_roi#1_annotation_nec.csv,MCF10A,field13_colony,Necrosis,309,0.0,90,200
Field14-002_ROI#1_annotation_apop.csv,0.14713399050748452,0.18041237113402062,ApoptosisInColonies,MCF10A+field14-002_roi#1_annotation_apop.csv,MCF10A,field14_colony,Apoptosis,387,0.0,90,200
Field14-002_ROI#1_annotation_nec.csv,0.0894308943089431,0.20883534136546184,NecrosisInColonies,MCF10A+field14-002_roi#1_annotation_nec.csv,MCF10A,field14_colony,Necrosis,249,0.0,90,200
7-20-23_10arednuclei_ROI#10_annotation_apop.csv,0.08411214953271035,0.1702127659574468,ApoptosisInColonies,MCF10A+7-20-23_10arednuclei_roi#10_annotation_apop.csv,MCF10A,field11_colony,Apoptosis,47,0.006,90,200
7-20-23_10arednuclei_ROI#10_annotation_nec.csv,0.29848693259972486,0.19718309859154928,NecrosisInColonies,MCF10A+7-20-23_10arednuclei_roi#10_annotation_nec.csv,MCF10A,field11_colony,Necrosis,142,0.0,90,200
7-20-23_10arednuclei_ROI#13_or14_both_colonies_annotation_apop.csv,0.2484672474991933,0.14516129032258066,ApoptosisInColonies,MCF10A+7-20-23_10arednuclei_roi#13_or14_both_colonies_annotation_apop.csv,MCF10A,field14_two_colony,Apoptosis,248,0.0,90,200
7-20-23_10arednuclei_ROI#13_or14_both_colonies_annotation_nec.csv,0.5309126594700687,0.21037463976945245,NecrosisInColonies,MCF10A+7-20-23_10arednuclei_roi#13_or14_both_colonies_annotation_nec.csv,MCF10A,field14_two_colony,Necrosis,348,0.0,90,200
field13_crop-001_ROI#1_annotation_mixed.csv,0.32074951777349137,0.19597069597069597,MixedColony,MCF10A+field13_crop-001_roi#1_annotation_mixed.csv,MCF10A,field13_colony,mixed,546,0.0,90,200
Field14-002_ROI#1_annotation_mixed.csv,0.3242711500626006,0.17996870109546165,MixedColony,MCF10A+field14-002_roi#1_annotation_mixed.csv,MCF10A,field14_colony,mixed,641,0.0,90,200
7-20-23_10arednuclei_ROI#10_annotation_mixed.csv,0.24880054832076767,0.1693121693121693,MixedColony,MCF10A+7-20-23_10arednuclei_roi#10_annotation_mixed.csv,MCF10A,field11_colony,mixed,200,0.0,90,200
7-20-23_10arednuclei_ROI#13_or14_both_colonies_annotation_mixed.csv,0.6011297878203362,0.17983193277310924,MixedColony,MCF10A+7-20-23_10arednuclei_roi#13_or14_both_colonies_annotation_mixed.csv,MCF10A,field14_two_colony,mixed,596,0.0,90,200
purecolony3_sytox_based.csv,-0.027379400260756175,0.22853535353535354,MixedColony,MCF10A+purecolony3_sytox_based.csv,MCF10A,pure_colony_3,Necrosis,818,0.382,90,200
purecolony_sytox_based.csv,0.13474144209759648,0.21987315010570824,MixedColony,MCF10A+purecolony_sytox_based.csv,MCF10A,pure_colony_1,Necrosis,930,0.0,90,200
purecolony2_sytox_based.csv,0.0068681318681318255,0.2462962962962963,MixedColony,MCF10A+purecolony2_sytox_based.csv,MCF10A,pure_colony_2,Necrosis,975,0.031,90,200
mixcolony1.csv,0.26440539436044147,0.19584569732937684,MixedColony,MCF10A+mixcolony1.csv,MCF10A,mix_colony_1,mixed,337,0.0,90,200
mixcolony2_field13.csv,0.3748834317687286,0.18714555765595464,MixedColony,MCF10A+mixcolony2_field13.csv,MCF10A,mix_colony_2,mixed,529,0.0,90,200
mixcolony3.csv,0.12423312883435589,0.16826923076923078,MixedColony,MCF10A+mixcolony3.csv,MCF10A,mix_colony_3,mixed,208,0.0,90,200
20181227_MCF10A_SKT_xy1.csv,0.058823529411764795,0.2787878787878788,MixedColony,MCF10A+TRAIL,MCF10A,skt_1,Apoptosis,165,0.001,90,200
20181227_MCF10A_SKT_xy2.csv,0.06382978723404249,0.3,MixedColony,MCF10A+TRAIL,MCF10A,skt_2,Apoptosis,140,0.006,90,200
20181227_MCF10A_SKT_xy3.csv,0.03267973856209164,0.33014354066985646,MixedColony,MCF10A+TRAIL,MCF10A,skt_3,Apoptosis,209,0.016,90,200
20181227_MCF10A_SKT_xy4.csv,0.15508021390374335,0.24210526315789474,MixedColony,MCF10A+TRAIL,MCF10A,skt_4,Apoptosis,190,0.0,90,200
20181227_MCF10A_SKT_xy5.csv,-0.011834319526627245,0.325,MixedColony,MCF10A+TRAIL,MCF10A,skt_5,Apoptosis,160,0.068,90,200
3-11-23_10ah2bmch_ml+zvad_fullmedia_puredeath1_sytox_based.csv,0.15942928039702225,0.22743682310469315,MixedColony,MCF10A+3-11-23_10ah2bmch_ml+zvad_fullmedia_puredeath1_sytox_based.csv,MCF10A,pure_death_1,Necrosis,831,0.0,90,200
3-11-23_10ah2bmch_ml+zvad_fullmedia_puredeath2_sytox_based.csv,0.2172549019607843,0.2071097372488408,MixedColony,MCF10A+3-11-23_10ah2bmch_ml+zvad_fullmedia_puredeath2_sytox_based.csv,MCF10A,pure_death_2,Necrosis,647,0.0,90,200
3-11-23_10ah2bmch_ml+zvad_fullmedia_puredeath3_sytox_based.csv,-0.0392156862745099,0.21739130434782608,MixedColony,MCF10A+3-11-23_10ah2bmch_ml+zvad_fullmedia_puredeath3_sytox_based.csv,MCF10A,pure_death_3,Necrosis,22,0.079,90,200
field13_crop-001_ROI#1_annotation_apop.csv,0.035747883349012126,0.1940928270042194,ApoptosisInColonies,MCF10A+field13_crop-001_roi#1_annotation_apop.csv,MCF10A,field13_colony,Apoptosis,237,0.003,120,200
field13_crop-001_ROI#1_annotation_nec.csv,0.28320000000000006,0.2459546925566343,NecrosisInColonies,MCF10A+field13_crop-001_roi#1_annotation_nec.csv,MCF10A,field13_colony,Necrosis,309,0.0,120,200
Field14-002_ROI#1_annotation_apop.csv,0.17059106198942814,0.18814432989690721,ApoptosisInColonies,MCF10A+field14-002_roi#1_annotation_apop.csv,MCF10A,field14_colony,Apoptosis,387,0.0,120,200
Field14-002_ROI#1_annotation_nec.csv,0.13157894736842102,0.22088353413654618,NecrosisInColonies,MCF10A+field14-002_roi#1_annotation_nec.csv,MCF10A,field14_colony,Necrosis,249,0.0,120,200
7-20-23_10arednuclei_ROI#10_annotation_apop.csv,0.08933002481389572,0.1702127659574468,ApoptosisInColonies,MCF10A+7-20-23_10arednuclei_roi#10_annotation_apop.csv,MCF10A,field11_colony,Apoptosis,47,0.002,120,200
7-20-23_10arednuclei_ROI#10_annotation_nec.csv,0.27598566308243727,0.22535211267605634,NecrosisInColonies,MCF10A+7-20-23_10arednuclei_roi#10_annotation_nec.csv,MCF10A,field11_colony,Necrosis,142,0.0,120,200
7-20-23_10arednuclei_ROI#13_or14_both_colonies_annotation_apop.csv,0.25314806773773346,0.15725806451612903,ApoptosisInColonies,MCF10A+7-20-23_10arednuclei_roi#13_or14_both_colonies_annotation_apop.csv,MCF10A,field14_two_colony,Apoptosis,248,0.0,120,200
7-20-23_10arednuclei_ROI#13_or14_both_colonies_annotation_nec.csv,0.5031847133757963,0.2276657060518732,NecrosisInColonies,MCF10A+7-20-23_10arednuclei_roi#13_or14_both_colonies_annotation_nec.csv,MCF10A,field14_two_colony,Necrosis,348,0.0,120,200
field13_crop-001_ROI#1_annotation_mixed.csv,0.343467245747376,0.2032967032967033,MixedColony,MCF10A+field13_crop-001_roi#1_annotation_mixed.csv,MCF10A,field13_colony,mixed,546,0.0,120,200
Field14-002_ROI#1_annotation_mixed.csv,0.3323734101271899,0.18779342723004694,MixedColony,MCF10A+field14-002_roi#1_annotation_mixed.csv,MCF10A,field14_colony,mixed,641,0.0,120,200
7-20-23_10arednuclei_ROI#10_annotation_mixed.csv,0.24683544303797475,0.18518518518518517,MixedColony,MCF10A+7-20-23_10arednuclei_roi#10_annotation_mixed.csv,MCF10A,field11_colony,mixed,200,0.0,120,200
7-20-23_10arednuclei_ROI#13_or14_both_colonies_annotation_mixed.csv,0.6012867647058823,0.19831932773109243,MixedColony,MCF10A+7-20-23_10arednuclei_roi#13_or14_both_colonies_annotation_mixed.csv,MCF10A,field14_two_colony,mixed,596,0.0,120,200
purecolony3_sytox_based.csv,0.06024096385542168,0.2297979797979798,MixedColony,MCF10A+purecolony3_sytox_based.csv,MCF10A,pure_colony_3,Necrosis,818,0.0,120,200
purecolony_sytox_based.csv,0.2285491419656787,0.21775898520084566,MixedColony,MCF10A+purecolony_sytox_based.csv,MCF10A,pure_colony_1,Necrosis,930,0.0,120,200
purecolony2_sytox_based.csv,0.14734561213434458,0.22962962962962963,MixedColony,MCF10A+purecolony2_sytox_based.csv,MCF10A,pure_colony_2,Necrosis,975,0.0,120,200
mixcolony1.csv,0.2742279020234291,0.20474777448071216,MixedColony,MCF10A+mixcolony1.csv,MCF10A,mix_colony_1,mixed,337,0.0,120,200
mixcolony2_field13.csv,0.36282811176968677,0.19848771266540643,MixedColony,MCF10A+mixcolony2_field13.csv,MCF10A,mix_colony_2,mixed,529,0.0,120,200
mixcolony3.csv,0.12086428089128971,0.16346153846153846,MixedColony,MCF10A+mixcolony3.csv,MCF10A,mix_colony_3,mixed,208,0.0,120,200
20181227_MCF10A_SKT_xy1.csv,0.05988023952095806,0.2787878787878788,MixedColony,MCF10A+TRAIL,MCF10A,skt_1,Apoptosis,165,0.006,120,200
20181227_MCF10A_SKT_xy2.csv,-0.19565217391304357,0.3,MixedColony,MCF10A+TRAIL,MCF10A,skt_2,Apoptosis,140,0.628,120,200
20181227_MCF10A_SKT_xy3.csv,-0.05555555555555564,0.3444976076555024,MixedColony,MCF10A+TRAIL,MCF10A,skt_3,Apoptosis,209,0.13,120,200
20181227_MCF10A_SKT_xy4.csv,0.029411764705882276,0.2736842105263158,MixedColony,MCF10A+TRAIL,MCF10A,skt_4,Apoptosis,190,0.027,120,200
20181227_MCF10A_SKT_xy5.csv,0.03191489361702115,0.31875,MixedColony,MCF10A+TRAIL,MCF10A,skt_5,Apoptosis,160,0.025,120,200
3-11-23_10ah2bmch_ml+zvad_fullmedia_puredeath1_sytox_based.csv,0.2349809885931559,0.2286401925391095,MixedColony,MCF10A+3-11-23_10ah2bmch_ml+zvad_fullmedia_puredeath1_sytox_based.csv,MCF10A,pure_death_1,Necrosis,831,0.0,120,200
3-11-23_10ah2bmch_ml+zvad_fullmedia_puredeath2_sytox_based.csv,0.2768304914744233,0.2132921174652241,MixedColony,MCF10A+3-11-23_10ah2bmch_ml+zvad_fullmedia_puredeath2_sytox_based.csv,MCF10A,pure_death_2,Necrosis,647,0.0,120,200
3-11-23_10ah2bmch_ml+zvad_fullmedia_puredeath3_sytox_based.csv,-0.18518518518518515,0.30434782608695654,MixedColony,MCF10A+3-11-23_10ah2bmch_ml+zvad_fullmedia_puredeath3_sytox_based.csv,MCF10A,pure_death_3,Necrosis,22,0.211,120,200
