Experiment_name,SPI,NI,Treatment,Cell Line + Treatment,Cell Line,Origin,Mode,Density,pvalue,sliding_time_window_size,neighbors_dist_threshold
field13_crop-001_ROI#1_annotation_apop.csv,0.10647582475126553,0.25738396624472576,ApoptosisInColonies,MCF10A+field13_crop-001_roi#1_annotation_apop.csv,MCF10A,field13_colony,Apoptosis,237,0.0,5,33
field13_crop-001_ROI#1_annotation_nec.csv,0.3726063829787234,0.1423948220064725,NecrosisInColonies,MCF10A+field13_crop-001_roi#1_annotation_nec.csv,MCF10A,field13_colony,Necrosis,309,0.0,5,33
Field14-002_ROI#1_annotation_apop.csv,0.20466513746648143,0.24031007751937986,ApoptosisInColonies,MCF10A+field14-002_roi#1_annotation_apop.csv,MCF10A,field14_colony,Apoptosis,387,0.0,5,33
Field14-002_ROI#1_annotation_nec.csv,0.42763317927511557,0.21285140562248997,NecrosisInColonies,MCF10A+field14-002_roi#1_annotation_nec.csv,MCF10A,field14_colony,Necrosis,249,0.0,5,33
7-20-23_10arednuclei_ROI#10_annotation_apop.csv,-1.2436548223350254,0.5531914893617021,ApoptosisInColonies,MCF10A+7-20-23_10arednuclei_roi#10_annotation_apop.csv,MCF10A,field11_colony,Apoptosis,47,0.754,5,33
7-20-23_10arednuclei_ROI#10_annotation_nec.csv,0.4153286882762799,0.2605633802816901,NecrosisInColonies,MCF10A+7-20-23_10arednuclei_roi#10_annotation_nec.csv,MCF10A,field11_colony,Necrosis,142,0.0,5,33
7-20-23_10arednuclei_ROI#13_or14_both_colonies_annotation_apop.csv,0.25046025774433683,0.15725806451612903,ApoptosisInColonies,MCF10A+7-20-23_10arednuclei_roi#13_or14_both_colonies_annotation_apop.csv,MCF10A,field14_two_colony,Apoptosis,248,0.0,5,33
7-20-23_10arednuclei_ROI#13_or14_both_colonies_annotation_nec.csv,0.5963185922667285,0.10086455331412104,NecrosisInColonies,MCF10A+7-20-23_10arednuclei_roi#13_or14_both_colonies_annotation_nec.csv,MCF10A,field14_two_colony,Necrosis,348,0.0,5,33
field13_crop-001_ROI#1_annotation_mixed.csv,0.3887146786258606,0.1391941391941392,MixedColony,MCF10A+field13_crop-001_roi#1_annotation_mixed.csv,MCF10A,field13_colony,mixed,546,0.0,5,33
Field14-002_ROI#1_annotation_mixed.csv,0.37617640826196974,0.16588419405320814,MixedColony,MCF10A+field14-002_roi#1_annotation_mixed.csv,MCF10A,field14_colony,mixed,641,0.0,5,33
7-20-23_10arednuclei_ROI#10_annotation_mixed.csv,0.2370572207084469,0.21693121693121692,MixedColony,MCF10A+7-20-23_10arednuclei_roi#10_annotation_mixed.csv,MCF10A,field11_colony,mixed,200,0.0,5,33
7-20-23_10arednuclei_ROI#13_or14_both_colonies_annotation_mixed.csv,0.6220559173227072,0.11932773109243698,MixedColony,MCF10A+7-20-23_10arednuclei_roi#13_or14_both_colonies_annotation_mixed.csv,MCF10A,field14_two_colony,mixed,596,0.0,5,33
purecolony3_sytox_based.csv,0.15296163880568175,0.22601010101010102,MixedColony,MCF10A+purecolony3_sytox_based.csv,MCF10A,pure_colony_3,Necrosis,818,0.0,5,33
purecolony_sytox_based.csv,0.20460201542164747,0.1511627906976744,MixedColony,MCF10A+purecolony_sytox_based.csv,MCF10A,pure_colony_1,Necrosis,930,0.0,5,33
purecolony2_sytox_based.csv,0.11875532394648483,0.1527777777777778,MixedColony,MCF10A+purecolony2_sytox_based.csv,MCF10A,pure_colony_2,Necrosis,975,0.0,5,33
mixcolony1.csv,0.47587341375528747,0.22255192878338279,MixedColony,MCF10A+mixcolony1.csv,MCF10A,mix_colony_1,mixed,337,0.0,5,33
mixcolony2_field13.csv,0.5559775727979743,0.15689981096408318,MixedColony,MCF10A+mixcolony2_field13.csv,MCF10A,mix_colony_2,mixed,529,0.0,5,33
mixcolony3.csv,0.09659090909090907,0.4951923076923077,MixedColony,MCF10A+mixcolony3.csv,MCF10A,mix_colony_3,mixed,208,0.0,5,33
20181227_MCF10A_SKT_xy1.csv,0.75,0.9757575757575757,MixedColony,MCF10A+TRAIL,MCF10A,skt_1,Apoptosis,165,0.001,5,33
20181227_MCF10A_SKT_xy2.csv,-inf,0.9928571428571429,MixedColony,MCF10A+TRAIL,MCF10A,skt_2,Apoptosis,140,0.27,5,33
20181227_MCF10A_SKT_xy3.csv,-inf,0.9952153110047847,MixedColony,MCF10A+TRAIL,MCF10A,skt_3,Apoptosis,209,0.334,5,33
20181227_MCF10A_SKT_xy4.csv,1.0,0.9894736842105263,MixedColony,MCF10A+TRAIL,MCF10A,skt_4,Apoptosis,190,0.0,5,33
20181227_MCF10A_SKT_xy5.csv,-2.5,0.9875,MixedColony,MCF10A+TRAIL,MCF10A,skt_5,Apoptosis,160,0.452,5,33
3-11-23_10ah2bmch_ml+zvad_fullmedia_puredeath1_sytox_based.csv,0.16482843137254907,0.17569193742478942,MixedColony,MCF10A+3-11-23_10ah2bmch_ml+zvad_fullmedia_puredeath1_sytox_based.csv,MCF10A,pure_death_1,Necrosis,831,0.0,5,33
3-11-23_10ah2bmch_ml+zvad_fullmedia_puredeath2_sytox_based.csv,0.26171839027534766,0.1391035548686244,MixedColony,MCF10A+3-11-23_10ah2bmch_ml+zvad_fullmedia_puredeath2_sytox_based.csv,MCF10A,pure_death_2,Necrosis,647,0.0,5,33
3-11-23_10ah2bmch_ml+zvad_fullmedia_puredeath3_sytox_based.csv,-0.030874785591766724,0.2608695652173913,MixedColony,MCF10A+3-11-23_10ah2bmch_ml+zvad_fullmedia_puredeath3_sytox_based.csv,MCF10A,pure_death_3,Necrosis,22,0.075,5,33
field13_crop-001_ROI#1_annotation_apop.csv,0.10258509767224235,0.2616033755274262,ApoptosisInColonies,MCF10A+field13_crop-001_roi#1_annotation_apop.csv,MCF10A,field13_colony,Apoptosis,237,0.0,10,33
field13_crop-001_ROI#1_annotation_nec.csv,0.37048832271762205,0.1553398058252427,NecrosisInColonies,MCF10A+field13_crop-001_roi#1_annotation_nec.csv,MCF10A,field13_colony,Necrosis,309,0.0,10,33
Field14-002_ROI#1_annotation_apop.csv,0.20081754477030883,0.2454780361757106,ApoptosisInColonies,MCF10A+field14-002_roi#1_annotation_apop.csv,MCF10A,field14_colony,Apoptosis,387,0.0,10,33
Field14-002_ROI#1_annotation_nec.csv,0.4221080948887258,0.2289156626506024,NecrosisInColonies,MCF10A+field14-002_roi#1_annotation_nec.csv,MCF10A,field14_colony,Necrosis,249,0.0,10,33
7-20-23_10arednuclei_ROI#10_annotation_apop.csv,-1.221105527638191,0.5531914893617021,ApoptosisInColonies,MCF10A+7-20-23_10arednuclei_roi#10_annotation_apop.csv,MCF10A,field11_colony,Apoptosis,47,0.776,10,33
7-20-23_10arednuclei_ROI#10_annotation_nec.csv,0.4191995185073729,0.2605633802816901,NecrosisInColonies,MCF10A+7-20-23_10arednuclei_roi#10_annotation_nec.csv,MCF10A,field11_colony,Necrosis,142,0.0,10,33
7-20-23_10arednuclei_ROI#13_or14_both_colonies_annotation_apop.csv,0.2501901749609641,0.15725806451612903,ApoptosisInColonies,MCF10A+7-20-23_10arednuclei_roi#13_or14_both_colonies_annotation_apop.csv,MCF10A,field14_two_colony,Apoptosis,248,0.0,10,33
7-20-23_10arednuclei_ROI#13_or14_both_colonies_annotation_nec.csv,0.5955225611877972,0.10086455331412104,NecrosisInColonies,MCF10A+7-20-23_10arednuclei_roi#13_or14_both_colonies_annotation_nec.csv,MCF10A,field14_two_colony,Necrosis,348,0.0,10,33
field13_crop-001_ROI#1_annotation_mixed.csv,0.38699603494859464,0.14652014652014653,MixedColony,MCF10A+field13_crop-001_roi#1_annotation_mixed.csv,MCF10A,field13_colony,mixed,546,0.0,10,33
Field14-002_ROI#1_annotation_mixed.csv,0.3761275853476202,0.17214397496087636,MixedColony,MCF10A+field14-002_roi#1_annotation_mixed.csv,MCF10A,field14_colony,mixed,641,0.0,10,33
7-20-23_10arednuclei_ROI#10_annotation_mixed.csv,0.2483221476510067,0.21693121693121692,MixedColony,MCF10A+7-20-23_10arednuclei_roi#10_annotation_mixed.csv,MCF10A,field11_colony,mixed,200,0.0,10,33
7-20-23_10arednuclei_ROI#13_or14_both_colonies_annotation_mixed.csv,0.6224839816193126,0.11932773109243698,MixedColony,MCF10A+7-20-23_10arednuclei_roi#13_or14_both_colonies_annotation_mixed.csv,MCF10A,field14_two_colony,mixed,596,0.0,10,33
purecolony3_sytox_based.csv,0.15341566962562722,0.24621212121212122,MixedColony,MCF10A+purecolony3_sytox_based.csv,MCF10A,pure_colony_3,Necrosis,818,0.0,10,33
purecolony_sytox_based.csv,0.20086622538203808,0.15750528541226216,MixedColony,MCF10A+purecolony_sytox_based.csv,MCF10A,pure_colony_1,Necrosis,930,0.0,10,33
purecolony2_sytox_based.csv,0.11702020709761735,0.1648148148148148,MixedColony,MCF10A+purecolony2_sytox_based.csv,MCF10A,pure_colony_2,Necrosis,975,0.0,10,33
mixcolony1.csv,0.4733569460842188,0.22255192878338279,MixedColony,MCF10A+mixcolony1.csv,MCF10A,mix_colony_1,mixed,337,0.0,10,33
mixcolony2_field13.csv,0.5569591698623957,0.15689981096408318,MixedColony,MCF10A+mixcolony2_field13.csv,MCF10A,mix_colony_2,mixed,529,0.0,10,33
mixcolony3.csv,0.09187981127390119,0.4951923076923077,MixedColony,MCF10A+mixcolony3.csv,MCF10A,mix_colony_3,mixed,208,0.001,10,33
20181227_MCF10A_SKT_xy1.csv,0.7692307692307693,0.9757575757575757,MixedColony,MCF10A+TRAIL,MCF10A,skt_1,Apoptosis,165,0.0,10,33
20181227_MCF10A_SKT_xy2.csv,-inf,0.9928571428571429,MixedColony,MCF10A+TRAIL,MCF10A,skt_2,Apoptosis,140,0.273,10,33
20181227_MCF10A_SKT_xy3.csv,-inf,0.9952153110047847,MixedColony,MCF10A+TRAIL,MCF10A,skt_3,Apoptosis,209,0.32,10,33
20181227_MCF10A_SKT_xy4.csv,1.0,0.9894736842105263,MixedColony,MCF10A+TRAIL,MCF10A,skt_4,Apoptosis,190,0.0,10,33
20181227_MCF10A_SKT_xy5.csv,-2.6666666666666665,0.9875,MixedColony,MCF10A+TRAIL,MCF10A,skt_5,Apoptosis,160,0.507,10,33
3-11-23_10ah2bmch_ml+zvad_fullmedia_puredeath1_sytox_based.csv,0.16716365549903528,0.18531889290012032,MixedColony,MCF10A+3-11-23_10ah2bmch_ml+zvad_fullmedia_puredeath1_sytox_based.csv,MCF10A,pure_death_1,Necrosis,831,0.0,10,33
3-11-23_10ah2bmch_ml+zvad_fullmedia_puredeath2_sytox_based.csv,0.2621923112381304,0.1545595054095827,MixedColony,MCF10A+3-11-23_10ah2bmch_ml+zvad_fullmedia_puredeath2_sytox_based.csv,MCF10A,pure_death_2,Necrosis,647,0.0,10,33
3-11-23_10ah2bmch_ml+zvad_fullmedia_puredeath3_sytox_based.csv,-0.044673539518900345,0.2608695652173913,MixedColony,MCF10A+3-11-23_10ah2bmch_ml+zvad_fullmedia_puredeath3_sytox_based.csv,MCF10A,pure_death_3,Necrosis,22,0.085,10,33
field13_crop-001_ROI#1_annotation_apop.csv,0.09658089531194934,0.2742616033755274,ApoptosisInColonies,MCF10A+field13_crop-001_roi#1_annotation_apop.csv,MCF10A,field13_colony,Apoptosis,237,0.0,30,33
field13_crop-001_ROI#1_annotation_nec.csv,0.3629117959617428,0.20388349514563106,NecrosisInColonies,MCF10A+field13_crop-001_roi#1_annotation_nec.csv,MCF10A,field13_colony,Necrosis,309,0.0,30,33
Field14-002_ROI#1_annotation_apop.csv,0.20182418008926847,0.25839793281653745,ApoptosisInColonies,MCF10A+field14-002_roi#1_annotation_apop.csv,MCF10A,field14_colony,Apoptosis,387,0.0,30,33
Field14-002_ROI#1_annotation_nec.csv,0.4212076583210604,0.26506024096385544,NecrosisInColonies,MCF10A+field14-002_roi#1_annotation_nec.csv,MCF10A,field14_colony,Necrosis,249,0.0,30,33
7-20-23_10arednuclei_ROI#10_annotation_apop.csv,-1.205992509363296,0.5531914893617021,ApoptosisInColonies,MCF10A+7-20-23_10arednuclei_roi#10_annotation_apop.csv,MCF10A,field11_colony,Apoptosis,47,0.791,30,33
7-20-23_10arednuclei_ROI#10_annotation_nec.csv,0.42038216560509556,0.29577464788732394,NecrosisInColonies,MCF10A+7-20-23_10arednuclei_roi#10_annotation_nec.csv,MCF10A,field11_colony,Necrosis,142,0.0,30,33
7-20-23_10arednuclei_ROI#13_or14_both_colonies_annotation_apop.csv,0.2519609026185592,0.16129032258064516,ApoptosisInColonies,MCF10A+7-20-23_10arednuclei_roi#13_or14_both_colonies_annotation_apop.csv,MCF10A,field14_two_colony,Apoptosis,248,0.0,30,33
7-20-23_10arednuclei_ROI#13_or14_both_colonies_annotation_nec.csv,0.599861303744799,0.15273775216138327,NecrosisInColonies,MCF10A+7-20-23_10arednuclei_roi#13_or14_both_colonies_annotation_nec.csv,MCF10A,field14_two_colony,Necrosis,348,0.0,30,33
field13_crop-001_ROI#1_annotation_mixed.csv,0.38526138988032754,0.17765567765567766,MixedColony,MCF10A+field13_crop-001_roi#1_annotation_mixed.csv,MCF10A,field13_colony,mixed,546,0.0,30,33
Field14-002_ROI#1_annotation_mixed.csv,0.3770123549232498,0.19092331768388107,MixedColony,MCF10A+field14-002_roi#1_annotation_mixed.csv,MCF10A,field14_colony,mixed,641,0.0,30,33
7-20-23_10arednuclei_ROI#10_annotation_mixed.csv,0.243485342019544,0.24867724867724866,MixedColony,MCF10A+7-20-23_10arednuclei_roi#10_annotation_mixed.csv,MCF10A,field11_colony,mixed,200,0.0,30,33
7-20-23_10arednuclei_ROI#13_or14_both_colonies_annotation_mixed.csv,0.6224819088597692,0.1495798319327731,MixedColony,MCF10A+7-20-23_10arednuclei_roi#13_or14_both_colonies_annotation_mixed.csv,MCF10A,field14_two_colony,mixed,596,0.0,30,33
purecolony3_sytox_based.csv,0.14975247524752475,0.2840909090909091,MixedColony,MCF10A+purecolony3_sytox_based.csv,MCF10A,pure_colony_3,Necrosis,818,0.0,30,33
purecolony_sytox_based.csv,0.20560058953574062,0.193446088794926,MixedColony,MCF10A+purecolony_sytox_based.csv,MCF10A,pure_colony_1,Necrosis,930,0.0,30,33
purecolony2_sytox_based.csv,0.1131059245960503,0.2101851851851852,MixedColony,MCF10A+purecolony2_sytox_based.csv,MCF10A,pure_colony_2,Necrosis,975,0.0,30,33
mixcolony1.csv,0.4760669653383636,0.27002967359050445,MixedColony,MCF10A+mixcolony1.csv,MCF10A,mix_colony_1,mixed,337,0.0,30,33
mixcolony2_field13.csv,0.5518408229561451,0.1833648393194707,MixedColony,MCF10A+mixcolony2_field13.csv,MCF10A,mix_colony_2,mixed,529,0.0,30,33
mixcolony3.csv,0.09895833333333334,0.4951923076923077,MixedColony,MCF10A+mixcolony3.csv,MCF10A,mix_colony_3,mixed,208,0.0,30,33
20181227_MCF10A_SKT_xy1.csv,0.75,0.9757575757575757,MixedColony,MCF10A+TRAIL,MCF10A,skt_1,Apoptosis,165,0.0,30,33
20181227_MCF10A_SKT_xy2.csv,-inf,0.9928571428571429,MixedColony,MCF10A+TRAIL,MCF10A,skt_2,Apoptosis,140,0.181,30,33
20181227_MCF10A_SKT_xy3.csv,-inf,0.9952153110047847,MixedColony,MCF10A+TRAIL,MCF10A,skt_3,Apoptosis,209,0.226,30,33
20181227_MCF10A_SKT_xy4.csv,1.0,0.9894736842105263,MixedColony,MCF10A+TRAIL,MCF10A,skt_4,Apoptosis,190,0.0,30,33
20181227_MCF10A_SKT_xy5.csv,-3.0,0.9875,MixedColony,MCF10A+TRAIL,MCF10A,skt_5,Apoptosis,160,0.495,30,33
3-11-23_10ah2bmch_ml+zvad_fullmedia_puredeath1_sytox_based.csv,0.17085295656724223,0.22021660649819494,MixedColony,MCF10A+3-11-23_10ah2bmch_ml+zvad_fullmedia_puredeath1_sytox_based.csv,MCF10A,pure_death_1,Necrosis,831,0.0,30,33
3-11-23_10ah2bmch_ml+zvad_fullmedia_puredeath2_sytox_based.csv,0.25822643614054663,0.18238021638330756,MixedColony,MCF10A+3-11-23_10ah2bmch_ml+zvad_fullmedia_puredeath2_sytox_based.csv,MCF10A,pure_death_2,Necrosis,647,0.0,30,33
3-11-23_10ah2bmch_ml+zvad_fullmedia_puredeath3_sytox_based.csv,-0.05319148936170213,0.2608695652173913,MixedColony,MCF10A+3-11-23_10ah2bmch_ml+zvad_fullmedia_puredeath3_sytox_based.csv,MCF10A,pure_death_3,Necrosis,22,0.081,30,33
field13_crop-001_ROI#1_annotation_apop.csv,0.09641097818437716,0.2742616033755274,ApoptosisInColonies,MCF10A+field13_crop-001_roi#1_annotation_apop.csv,MCF10A,field13_colony,Apoptosis,237,0.0,60,33
field13_crop-001_ROI#1_annotation_nec.csv,0.34375,0.2297734627831715,NecrosisInColonies,MCF10A+field13_crop-001_roi#1_annotation_nec.csv,MCF10A,field13_colony,Necrosis,309,0.0,60,33
Field14-002_ROI#1_annotation_apop.csv,0.1991459627329192,0.268733850129199,ApoptosisInColonies,MCF10A+field14-002_roi#1_annotation_apop.csv,MCF10A,field14_colony,Apoptosis,387,0.0,60,33
Field14-002_ROI#1_annotation_nec.csv,0.4205202312138728,0.285140562248996,NecrosisInColonies,MCF10A+field14-002_roi#1_annotation_nec.csv,MCF10A,field14_colony,Necrosis,249,0.0,60,33
7-20-23_10arednuclei_ROI#10_annotation_apop.csv,-1.1865671641791045,0.574468085106383,ApoptosisInColonies,MCF10A+7-20-23_10arednuclei_roi#10_annotation_apop.csv,MCF10A,field11_colony,Apoptosis,47,0.754,60,33
7-20-23_10arednuclei_ROI#10_annotation_nec.csv,0.40693430656934304,0.30985915492957744,NecrosisInColonies,MCF10A+7-20-23_10arednuclei_roi#10_annotation_nec.csv,MCF10A,field11_colony,Necrosis,142,0.0,60,33
7-20-23_10arednuclei_ROI#13_or14_both_colonies_annotation_apop.csv,0.24922489864059147,0.1814516129032258,ApoptosisInColonies,MCF10A+7-20-23_10arednuclei_roi#13_or14_both_colonies_annotation_apop.csv,MCF10A,field14_two_colony,Apoptosis,248,0.0,60,33
7-20-23_10arednuclei_ROI#13_or14_both_colonies_annotation_nec.csv,0.5995717344753747,0.2132564841498559,NecrosisInColonies,MCF10A+7-20-23_10arednuclei_roi#13_or14_both_colonies_annotation_nec.csv,MCF10A,field14_two_colony,Necrosis,348,0.0,60,33
field13_crop-001_ROI#1_annotation_mixed.csv,0.38213608594902043,0.19597069597069597,MixedColony,MCF10A+field13_crop-001_roi#1_annotation_mixed.csv,MCF10A,field13_colony,mixed,546,0.0,60,33
Field14-002_ROI#1_annotation_mixed.csv,0.3775647745993709,0.20657276995305165,MixedColony,MCF10A+field14-002_roi#1_annotation_mixed.csv,MCF10A,field14_colony,mixed,641,0.0,60,33
7-20-23_10arednuclei_ROI#10_annotation_mixed.csv,0.24798061389337633,0.25925925925925924,MixedColony,MCF10A+7-20-23_10arednuclei_roi#10_annotation_mixed.csv,MCF10A,field11_colony,mixed,200,0.0,60,33
7-20-23_10arednuclei_ROI#13_or14_both_colonies_annotation_mixed.csv,0.6222675604779948,0.1899159663865546,MixedColony,MCF10A+7-20-23_10arednuclei_roi#13_or14_both_colonies_annotation_mixed.csv,MCF10A,field14_two_colony,mixed,596,0.0,60,33
purecolony3_sytox_based.csv,0.1273885350318471,0.29924242424242425,MixedColony,MCF10A+purecolony3_sytox_based.csv,MCF10A,pure_colony_3,Necrosis,818,0.0,60,33
purecolony_sytox_based.csv,0.20702754036087365,0.22304439746300211,MixedColony,MCF10A+purecolony_sytox_based.csv,MCF10A,pure_colony_1,Necrosis,930,0.0,60,33
purecolony2_sytox_based.csv,0.07902511078286548,0.24074074074074073,MixedColony,MCF10A+purecolony2_sytox_based.csv,MCF10A,pure_colony_2,Necrosis,975,0.0,60,33
mixcolony1.csv,0.4655984919886899,0.3056379821958457,MixedColony,MCF10A+mixcolony1.csv,MCF10A,mix_colony_1,mixed,337,0.0,60,33
mixcolony2_field13.csv,0.5534846029173419,0.22495274102079396,MixedColony,MCF10A+mixcolony2_field13.csv,MCF10A,mix_colony_2,mixed,529,0.0,60,33
mixcolony3.csv,0.10309278350515462,0.4951923076923077,MixedColony,MCF10A+mixcolony3.csv,MCF10A,mix_colony_3,mixed,208,0.0,60,33
20181227_MCF10A_SKT_xy1.csv,1.0,0.9757575757575757,MixedColony,MCF10A+TRAIL,MCF10A,skt_1,Apoptosis,165,0.0,60,33
20181227_MCF10A_SKT_xy2.csv,-inf,0.9928571428571429,MixedColony,MCF10A+TRAIL,MCF10A,skt_2,Apoptosis,140,0.33,60,33
20181227_MCF10A_SKT_xy3.csv,-inf,0.9952153110047847,MixedColony,MCF10A+TRAIL,MCF10A,skt_3,Apoptosis,209,0.441,60,33
20181227_MCF10A_SKT_xy4.csv,,0.9894736842105263,MixedColony,MCF10A+TRAIL,MCF10A,skt_4,Apoptosis,190,0.0,60,33
20181227_MCF10A_SKT_xy5.csv,-inf,0.9875,MixedColony,MCF10A+TRAIL,MCF10A,skt_5,Apoptosis,160,0.385,60,33
3-11-23_10ah2bmch_ml+zvad_fullmedia_puredeath1_sytox_based.csv,0.17744521646178524,0.24187725631768953,MixedColony,MCF10A+3-11-23_10ah2bmch_ml+zvad_fullmedia_puredeath1_sytox_based.csv,MCF10A,pure_death_1,Necrosis,831,0.0,60,33
3-11-23_10ah2bmch_ml+zvad_fullmedia_puredeath2_sytox_based.csv,0.2563811684628474,0.2009273570324575,MixedColony,MCF10A+3-11-23_10ah2bmch_ml+zvad_fullmedia_puredeath2_sytox_based.csv,MCF10A,pure_death_2,Necrosis,647,0.0,60,33
3-11-23_10ah2bmch_ml+zvad_fullmedia_puredeath3_sytox_based.csv,-0.08,0.2608695652173913,MixedColony,MCF10A+3-11-23_10ah2bmch_ml+zvad_fullmedia_puredeath3_sytox_based.csv,MCF10A,pure_death_3,Necrosis,22,0.106,60,33
field13_crop-001_ROI#1_annotation_apop.csv,0.09714889123548047,0.29957805907172996,ApoptosisInColonies,MCF10A+field13_crop-001_roi#1_annotation_apop.csv,MCF10A,field13_colony,Apoptosis,237,0.0,90,33
field13_crop-001_ROI#1_annotation_nec.csv,0.3387096774193548,0.26537216828478966,NecrosisInColonies,MCF10A+field13_crop-001_roi#1_annotation_nec.csv,MCF10A,field13_colony,Necrosis,309,0.0,90,33
Field14-002_ROI#1_annotation_apop.csv,0.19686411149825786,0.2868217054263566,ApoptosisInColonies,MCF10A+field14-002_roi#1_annotation_apop.csv,MCF10A,field14_colony,Apoptosis,387,0.0,90,33
Field14-002_ROI#1_annotation_nec.csv,0.40552016985138006,0.321285140562249,NecrosisInColonies,MCF10A+field14-002_roi#1_annotation_nec.csv,MCF10A,field14_colony,Necrosis,249,0.0,90,33
7-20-23_10arednuclei_ROI#10_annotation_apop.csv,-1.164835164835165,0.5531914893617021,ApoptosisInColonies,MCF10A+7-20-23_10arednuclei_roi#10_annotation_apop.csv,MCF10A,field11_colony,Apoptosis,47,0.733,90,33
7-20-23_10arednuclei_ROI#10_annotation_nec.csv,0.39775910364145656,0.33098591549295775,NecrosisInColonies,MCF10A+7-20-23_10arednuclei_roi#10_annotation_nec.csv,MCF10A,field11_colony,Necrosis,142,0.0,90,33
7-20-23_10arednuclei_ROI#13_or14_both_colonies_annotation_apop.csv,0.2513542795232936,0.1814516129032258,ApoptosisInColonies,MCF10A+7-20-23_10arednuclei_roi#13_or14_both_colonies_annotation_apop.csv,MCF10A,field14_two_colony,Apoptosis,248,0.0,90,33
7-20-23_10arednuclei_ROI#13_or14_both_colonies_annotation_nec.csv,0.5991561181434599,0.23054755043227665,NecrosisInColonies,MCF10A+7-20-23_10arednuclei_roi#13_or14_both_colonies_annotation_nec.csv,MCF10A,field14_two_colony,Necrosis,348,0.0,90,33
field13_crop-001_ROI#1_annotation_mixed.csv,0.3799747315224257,0.21611721611721613,MixedColony,MCF10A+field13_crop-001_roi#1_annotation_mixed.csv,MCF10A,field13_colony,mixed,546,0.0,90,33
Field14-002_ROI#1_annotation_mixed.csv,0.3710902591599642,0.22848200312989045,MixedColony,MCF10A+field14-002_roi#1_annotation_mixed.csv,MCF10A,field14_colony,mixed,641,0.0,90,33
7-20-23_10arednuclei_ROI#10_annotation_mixed.csv,0.23500611995104034,0.2857142857142857,MixedColony,MCF10A+7-20-23_10arednuclei_roi#10_annotation_mixed.csv,MCF10A,field11_colony,mixed,200,0.0,90,33
7-20-23_10arednuclei_ROI#13_or14_both_colonies_annotation_mixed.csv,0.6202830188679246,0.19663865546218487,MixedColony,MCF10A+7-20-23_10arednuclei_roi#13_or14_both_colonies_annotation_mixed.csv,MCF10A,field14_two_colony,mixed,596,0.0,90,33
purecolony3_sytox_based.csv,0.07207207207207203,0.3005050505050505,MixedColony,MCF10A+purecolony3_sytox_based.csv,MCF10A,pure_colony_3,Necrosis,818,0.0,90,33
purecolony_sytox_based.csv,0.1494719740048742,0.23784355179704017,MixedColony,MCF10A+purecolony_sytox_based.csv,MCF10A,pure_colony_1,Necrosis,930,0.0,90,33
purecolony2_sytox_based.csv,-0.014771048744460892,0.25555555555555554,MixedColony,MCF10A+purecolony2_sytox_based.csv,MCF10A,pure_colony_2,Necrosis,975,0.149,90,33
mixcolony1.csv,0.47000000000000003,0.32047477744807124,MixedColony,MCF10A+mixcolony1.csv,MCF10A,mix_colony_1,mixed,337,0.0,90,33
mixcolony2_field13.csv,0.5586816720257235,0.24574669187145556,MixedColony,MCF10A+mixcolony2_field13.csv,MCF10A,mix_colony_2,mixed,529,0.0,90,33
mixcolony3.csv,0.11751662971175159,0.5,MixedColony,MCF10A+mixcolony3.csv,MCF10A,mix_colony_3,mixed,208,0.0,90,33
20181227_MCF10A_SKT_xy1.csv,,0.9757575757575757,MixedColony,MCF10A+TRAIL,MCF10A,skt_1,Apoptosis,165,0.0,90,33
20181227_MCF10A_SKT_xy2.csv,,0.9928571428571429,MixedColony,MCF10A+TRAIL,MCF10A,skt_2,Apoptosis,140,0.0,90,33
20181227_MCF10A_SKT_xy3.csv,,0.9952153110047847,MixedColony,MCF10A+TRAIL,MCF10A,skt_3,Apoptosis,209,0.0,90,33
20181227_MCF10A_SKT_xy4.csv,,0.9894736842105263,MixedColony,MCF10A+TRAIL,MCF10A,skt_4,Apoptosis,190,0.0,90,33
20181227_MCF10A_SKT_xy5.csv,-inf,0.9875,MixedColony,MCF10A+TRAIL,MCF10A,skt_5,Apoptosis,160,0.234,90,33
3-11-23_10ah2bmch_ml+zvad_fullmedia_puredeath1_sytox_based.csv,0.1507142857142857,0.24428399518652227,MixedColony,MCF10A+3-11-23_10ah2bmch_ml+zvad_fullmedia_puredeath1_sytox_based.csv,MCF10A,pure_death_1,Necrosis,831,0.0,90,33
3-11-23_10ah2bmch_ml+zvad_fullmedia_puredeath2_sytox_based.csv,0.22340425531914898,0.21483771251931993,MixedColony,MCF10A+3-11-23_10ah2bmch_ml+zvad_fullmedia_puredeath2_sytox_based.csv,MCF10A,pure_death_2,Necrosis,647,0.0,90,33
3-11-23_10ah2bmch_ml+zvad_fullmedia_puredeath3_sytox_based.csv,-0.05714285714285714,0.2608695652173913,MixedColony,MCF10A+3-11-23_10ah2bmch_ml+zvad_fullmedia_puredeath3_sytox_based.csv,MCF10A,pure_death_3,Necrosis,22,0.087,90,33
field13_crop-001_ROI#1_annotation_apop.csv,0.09798270893371765,0.3037974683544304,ApoptosisInColonies,MCF10A+field13_crop-001_roi#1_annotation_apop.csv,MCF10A,field13_colony,Apoptosis,237,0.0,120,33
field13_crop-001_ROI#1_annotation_nec.csv,0.3940000000000001,0.28802588996763756,NecrosisInColonies,MCF10A+field13_crop-001_roi#1_annotation_nec.csv,MCF10A,field13_colony,Necrosis,309,0.0,120,33
Field14-002_ROI#1_annotation_apop.csv,0.21088957055214713,0.29198966408268734,ApoptosisInColonies,MCF10A+field14-002_roi#1_annotation_apop.csv,MCF10A,field14_colony,Apoptosis,387,0.0,120,33
Field14-002_ROI#1_annotation_nec.csv,0.4547945205479452,0.3253012048192771,NecrosisInColonies,MCF10A+field14-002_roi#1_annotation_nec.csv,MCF10A,field14_colony,Necrosis,249,0.0,120,33
7-20-23_10arednuclei_ROI#10_annotation_apop.csv,-1.2121212121212122,0.5957446808510638,ApoptosisInColonies,MCF10A+7-20-23_10arednuclei_roi#10_annotation_apop.csv,MCF10A,field11_colony,Apoptosis,47,0.744,120,33
7-20-23_10arednuclei_ROI#10_annotation_nec.csv,0.3978102189781022,0.352112676056338,NecrosisInColonies,MCF10A+7-20-23_10arednuclei_roi#10_annotation_nec.csv,MCF10A,field11_colony,Necrosis,142,0.0,120,33
7-20-23_10arednuclei_ROI#13_or14_both_colonies_annotation_apop.csv,0.24730127576054955,0.18548387096774194,ApoptosisInColonies,MCF10A+7-20-23_10arednuclei_roi#13_or14_both_colonies_annotation_apop.csv,MCF10A,field14_two_colony,Apoptosis,248,0.0,120,33
7-20-23_10arednuclei_ROI#13_or14_both_colonies_annotation_nec.csv,0.5680880330123796,0.23919308357348704,NecrosisInColonies,MCF10A+7-20-23_10arednuclei_roi#13_or14_both_colonies_annotation_nec.csv,MCF10A,field14_two_colony,Necrosis,348,0.0,120,33
field13_crop-001_ROI#1_annotation_mixed.csv,0.40248962655601667,0.23443223443223443,MixedColony,MCF10A+field13_crop-001_roi#1_annotation_mixed.csv,MCF10A,field13_colony,mixed,546,0.0,120,33
Field14-002_ROI#1_annotation_mixed.csv,0.3815236952609478,0.23317683881064163,MixedColony,MCF10A+field14-002_roi#1_annotation_mixed.csv,MCF10A,field14_colony,mixed,641,0.0,120,33
7-20-23_10arednuclei_ROI#10_annotation_mixed.csv,0.24110032362459552,0.30158730158730157,MixedColony,MCF10A+7-20-23_10arednuclei_roi#10_annotation_mixed.csv,MCF10A,field11_colony,mixed,200,0.0,120,33
7-20-23_10arednuclei_ROI#13_or14_both_colonies_annotation_mixed.csv,0.6226083561108942,0.21176470588235294,MixedColony,MCF10A+7-20-23_10arednuclei_roi#13_or14_both_colonies_annotation_mixed.csv,MCF10A,field14_two_colony,mixed,596,0.0,120,33
purecolony3_sytox_based.csv,0.2006688963210703,0.30808080808080807,MixedColony,MCF10A+purecolony3_sytox_based.csv,MCF10A,pure_colony_3,Necrosis,818,0.0,120,33
purecolony_sytox_based.csv,0.24066029539530848,0.23678646934460887,MixedColony,MCF10A+purecolony_sytox_based.csv,MCF10A,pure_colony_1,Necrosis,930,0.0,120,33
purecolony2_sytox_based.csv,0.12339930151338761,0.24074074074074073,MixedColony,MCF10A+purecolony2_sytox_based.csv,MCF10A,pure_colony_2,Necrosis,975,0.0,120,33
mixcolony1.csv,0.48658649398704906,0.3323442136498516,MixedColony,MCF10A+mixcolony1.csv,MCF10A,mix_colony_1,mixed,337,0.0,120,33
mixcolony2_field13.csv,0.5505494505494506,0.2589792060491493,MixedColony,MCF10A+mixcolony2_field13.csv,MCF10A,mix_colony_2,mixed,529,0.0,120,33
mixcolony3.csv,0.09064327485380129,0.4951923076923077,MixedColony,MCF10A+mixcolony3.csv,MCF10A,mix_colony_3,mixed,208,0.0,120,33
20181227_MCF10A_SKT_xy1.csv,,0.9757575757575757,MixedColony,MCF10A+TRAIL,MCF10A,skt_1,Apoptosis,165,0.0,120,33
20181227_MCF10A_SKT_xy2.csv,,0.9928571428571429,MixedColony,MCF10A+TRAIL,MCF10A,skt_2,Apoptosis,140,0.0,120,33
20181227_MCF10A_SKT_xy3.csv,,0.9952153110047847,MixedColony,MCF10A+TRAIL,MCF10A,skt_3,Apoptosis,209,0.0,120,33
20181227_MCF10A_SKT_xy4.csv,,0.9894736842105263,MixedColony,MCF10A+TRAIL,MCF10A,skt_4,Apoptosis,190,0.0,120,33
20181227_MCF10A_SKT_xy5.csv,,0.9875,MixedColony,MCF10A+TRAIL,MCF10A,skt_5,Apoptosis,160,0.0,120,33
3-11-23_10ah2bmch_ml+zvad_fullmedia_puredeath1_sytox_based.csv,0.251528384279476,0.2490974729241877,MixedColony,MCF10A+3-11-23_10ah2bmch_ml+zvad_fullmedia_puredeath1_sytox_based.csv,MCF10A,pure_death_1,Necrosis,831,0.0,120,33
3-11-23_10ah2bmch_ml+zvad_fullmedia_puredeath2_sytox_based.csv,0.27766179540709807,0.21947449768160743,MixedColony,MCF10A+3-11-23_10ah2bmch_ml+zvad_fullmedia_puredeath2_sytox_based.csv,MCF10A,pure_death_2,Necrosis,647,0.0,120,33
3-11-23_10ah2bmch_ml+zvad_fullmedia_puredeath3_sytox_based.csv,0.0,0.34782608695652173,MixedColony,MCF10A+3-11-23_10ah2bmch_ml+zvad_fullmedia_puredeath3_sytox_based.csv,MCF10A,pure_death_3,Necrosis,22,0.04,120,33
field13_crop-001_ROI#1_annotation_apop.csv,0.10003681207436045,0.19831223628691982,ApoptosisInColonies,MCF10A+field13_crop-001_roi#1_annotation_apop.csv,MCF10A,field13_colony,Apoptosis,237,0.0,5,50
field13_crop-001_ROI#1_annotation_nec.csv,0.31346713650988206,0.11650485436893204,NecrosisInColonies,MCF10A+field13_crop-001_roi#1_annotation_nec.csv,MCF10A,field13_colony,Necrosis,309,0.0,5,50
Field14-002_ROI#1_annotation_apop.csv,0.1741372280979447,0.18087855297157623,ApoptosisInColonies,MCF10A+field14-002_roi#1_annotation_apop.csv,MCF10A,field14_colony,Apoptosis,387,0.0,5,50
Field14-002_ROI#1_annotation_nec.csv,0.31201856148491874,0.14859437751004015,NecrosisInColonies,MCF10A+field14-002_roi#1_annotation_nec.csv,MCF10A,field14_colony,Necrosis,249,0.0,5,50
7-20-23_10arednuclei_ROI#10_annotation_apop.csv,-0.5237057220708449,0.2978723404255319,ApoptosisInColonies,MCF10A+7-20-23_10arednuclei_roi#10_annotation_apop.csv,MCF10A,field11_colony,Apoptosis,47,0.564,5,50
7-20-23_10arednuclei_ROI#10_annotation_nec.csv,0.3698857353483229,0.176056338028169,NecrosisInColonies,MCF10A+7-20-23_10arednuclei_roi#10_annotation_nec.csv,MCF10A,field11_colony,Necrosis,142,0.0,5,50
7-20-23_10arednuclei_ROI#13_or14_both_colonies_annotation_apop.csv,0.246408924205379,0.14516129032258066,ApoptosisInColonies,MCF10A+7-20-23_10arednuclei_roi#13_or14_both_colonies_annotation_apop.csv,MCF10A,field14_two_colony,Apoptosis,248,0.0,5,50
7-20-23_10arednuclei_ROI#13_or14_both_colonies_annotation_nec.csv,0.5782957840731653,0.10086455331412104,NecrosisInColonies,MCF10A+7-20-23_10arednuclei_roi#13_or14_both_colonies_annotation_nec.csv,MCF10A,field14_two_colony,Necrosis,348,0.0,5,50
field13_crop-001_ROI#1_annotation_mixed.csv,0.3492821448401682,0.11904761904761904,MixedColony,MCF10A+field13_crop-001_roi#1_annotation_mixed.csv,MCF10A,field13_colony,mixed,546,0.0,5,50
Field14-002_ROI#1_annotation_mixed.csv,0.3511160478155083,0.13145539906103287,MixedColony,MCF10A+field14-002_roi#1_annotation_mixed.csv,MCF10A,field14_colony,mixed,641,0.0,5,50
7-20-23_10arednuclei_ROI#10_annotation_mixed.csv,0.2550767706785537,0.14285714285714285,MixedColony,MCF10A+7-20-23_10arednuclei_roi#10_annotation_mixed.csv,MCF10A,field11_colony,mixed,200,0.0,5,50
7-20-23_10arednuclei_ROI#13_or14_both_colonies_annotation_mixed.csv,0.617946027221326,0.11428571428571428,MixedColony,MCF10A+7-20-23_10arednuclei_roi#13_or14_both_colonies_annotation_mixed.csv,MCF10A,field14_two_colony,mixed,596,0.0,5,50
purecolony3_sytox_based.csv,0.12696192696192687,0.16792929292929293,MixedColony,MCF10A+purecolony3_sytox_based.csv,MCF10A,pure_colony_3,Necrosis,818,0.0,5,50
purecolony_sytox_based.csv,0.20171722095159542,0.12896405919661733,MixedColony,MCF10A+purecolony_sytox_based.csv,MCF10A,pure_colony_1,Necrosis,930,0.0,5,50
purecolony2_sytox_based.csv,0.1258309591642926,0.14074074074074075,MixedColony,MCF10A+purecolony2_sytox_based.csv,MCF10A,pure_colony_2,Necrosis,975,0.0,5,50
mixcolony1.csv,0.372347371857656,0.13353115727002968,MixedColony,MCF10A+mixcolony1.csv,MCF10A,mix_colony_1,mixed,337,0.0,5,50
mixcolony2_field13.csv,0.4407463439233485,0.11720226843100189,MixedColony,MCF10A+mixcolony2_field13.csv,MCF10A,mix_colony_2,mixed,529,0.0,5,50
mixcolony3.csv,0.11707940937100349,0.25961538461538464,MixedColony,MCF10A+mixcolony3.csv,MCF10A,mix_colony_3,mixed,208,0.0,5,50
20181227_MCF10A_SKT_xy1.csv,0.4319526627218935,0.7757575757575758,MixedColony,MCF10A+TRAIL,MCF10A,skt_1,Apoptosis,165,0.0,5,50
20181227_MCF10A_SKT_xy2.csv,0.14285714285714277,0.9071428571428571,MixedColony,MCF10A+TRAIL,MCF10A,skt_2,Apoptosis,140,0.015,5,50
20181227_MCF10A_SKT_xy3.csv,0.056338028169014086,0.8755980861244019,MixedColony,MCF10A+TRAIL,MCF10A,skt_3,Apoptosis,209,0.031,5,50
20181227_MCF10A_SKT_xy4.csv,0.109375,0.8894736842105263,MixedColony,MCF10A+TRAIL,MCF10A,skt_4,Apoptosis,190,0.013,5,50
20181227_MCF10A_SKT_xy5.csv,0.3157894736842105,0.9125,MixedColony,MCF10A+TRAIL,MCF10A,skt_5,Apoptosis,160,0.002,5,50
3-11-23_10ah2bmch_ml+zvad_fullmedia_puredeath1_sytox_based.csv,0.15633286538761507,0.1552346570397112,MixedColony,MCF10A+3-11-23_10ah2bmch_ml+zvad_fullmedia_puredeath1_sytox_based.csv,MCF10A,pure_death_1,Necrosis,831,0.0,5,50
3-11-23_10ah2bmch_ml+zvad_fullmedia_puredeath2_sytox_based.csv,0.2561315245710178,0.13446676970633695,MixedColony,MCF10A+3-11-23_10ah2bmch_ml+zvad_fullmedia_puredeath2_sytox_based.csv,MCF10A,pure_death_2,Necrosis,647,0.0,5,50
3-11-23_10ah2bmch_ml+zvad_fullmedia_puredeath3_sytox_based.csv,0.0383561643835617,0.17391304347826086,MixedColony,MCF10A+3-11-23_10ah2bmch_ml+zvad_fullmedia_puredeath3_sytox_based.csv,MCF10A,pure_death_3,Necrosis,22,0.029,5,50
field13_crop-001_ROI#1_annotation_apop.csv,0.09177038825933508,0.20253164556962025,ApoptosisInColonies,MCF10A+field13_crop-001_roi#1_annotation_apop.csv,MCF10A,field13_colony,Apoptosis,237,0.0,10,50
field13_crop-001_ROI#1_annotation_nec.csv,0.30980512505754176,0.1262135922330097,NecrosisInColonies,MCF10A+field13_crop-001_roi#1_annotation_nec.csv,MCF10A,field13_colony,Necrosis,309,0.0,10,50
Field14-002_ROI#1_annotation_apop.csv,0.1695765409472364,0.18604651162790697,ApoptosisInColonies,MCF10A+field14-002_roi#1_annotation_apop.csv,MCF10A,field14_colony,Apoptosis,387,0.0,10,50
Field14-002_ROI#1_annotation_nec.csv,0.31200295912705756,0.1606425702811245,NecrosisInColonies,MCF10A+field14-002_roi#1_annotation_nec.csv,MCF10A,field14_colony,Necrosis,249,0.0,10,50
7-20-23_10arednuclei_ROI#10_annotation_apop.csv,-0.5008051529790661,0.2978723404255319,ApoptosisInColonies,MCF10A+7-20-23_10arednuclei_roi#10_annotation_apop.csv,MCF10A,field11_colony,Apoptosis,47,0.547,10,50
7-20-23_10arednuclei_ROI#10_annotation_nec.csv,0.3670862643465384,0.176056338028169,NecrosisInColonies,MCF10A+7-20-23_10arednuclei_roi#10_annotation_nec.csv,MCF10A,field11_colony,Necrosis,142,0.0,10,50
7-20-23_10arednuclei_ROI#13_or14_both_colonies_annotation_apop.csv,0.24701301675764403,0.14516129032258066,ApoptosisInColonies,MCF10A+7-20-23_10arednuclei_roi#13_or14_both_colonies_annotation_apop.csv,MCF10A,field14_two_colony,Apoptosis,248,0.0,10,50
7-20-23_10arednuclei_ROI#13_or14_both_colonies_annotation_nec.csv,0.577069351230425,0.10086455331412104,NecrosisInColonies,MCF10A+7-20-23_10arednuclei_roi#13_or14_both_colonies_annotation_nec.csv,MCF10A,field14_two_colony,Necrosis,348,0.0,10,50
field13_crop-001_ROI#1_annotation_mixed.csv,0.34662381467574616,0.12637362637362637,MixedColony,MCF10A+field13_crop-001_roi#1_annotation_mixed.csv,MCF10A,field13_colony,mixed,546,0.0,10,50
Field14-002_ROI#1_annotation_mixed.csv,0.3512587989092522,0.13928012519561817,MixedColony,MCF10A+field14-002_roi#1_annotation_mixed.csv,MCF10A,field14_colony,mixed,641,0.0,10,50
7-20-23_10arednuclei_ROI#10_annotation_mixed.csv,0.2550767706785537,0.14285714285714285,MixedColony,MCF10A+7-20-23_10arednuclei_roi#10_annotation_mixed.csv,MCF10A,field11_colony,mixed,200,0.0,10,50
7-20-23_10arednuclei_ROI#13_or14_both_colonies_annotation_mixed.csv,0.6169200326653684,0.11428571428571428,MixedColony,MCF10A+7-20-23_10arednuclei_roi#13_or14_both_colonies_annotation_mixed.csv,MCF10A,field14_two_colony,mixed,596,0.0,10,50
purecolony3_sytox_based.csv,0.12756370416407706,0.19065656565656566,MixedColony,MCF10A+purecolony3_sytox_based.csv,MCF10A,pure_colony_3,Necrosis,818,0.0,10,50
purecolony_sytox_based.csv,0.19903968789856713,0.13424947145877378,MixedColony,MCF10A+purecolony_sytox_based.csv,MCF10A,pure_colony_1,Necrosis,930,0.0,10,50
purecolony2_sytox_based.csv,0.1256295733155944,0.1527777777777778,MixedColony,MCF10A+purecolony2_sytox_based.csv,MCF10A,pure_colony_2,Necrosis,975,0.0,10,50
mixcolony1.csv,0.3709439930195779,0.13353115727002968,MixedColony,MCF10A+mixcolony1.csv,MCF10A,mix_colony_1,mixed,337,0.0,10,50
mixcolony2_field13.csv,0.4395070367778555,0.11720226843100189,MixedColony,MCF10A+mixcolony2_field13.csv,MCF10A,mix_colony_2,mixed,529,0.0,10,50
mixcolony3.csv,0.11625741882927962,0.25961538461538464,MixedColony,MCF10A+mixcolony3.csv,MCF10A,mix_colony_3,mixed,208,0.0,10,50
20181227_MCF10A_SKT_xy1.csv,0.43137254901960786,0.7757575757575758,MixedColony,MCF10A+TRAIL,MCF10A,skt_1,Apoptosis,165,0.0,10,50
20181227_MCF10A_SKT_xy2.csv,0.09615384615384628,0.9071428571428571,MixedColony,MCF10A+TRAIL,MCF10A,skt_2,Apoptosis,140,0.023,10,50
20181227_MCF10A_SKT_xy3.csv,0.05660377358490566,0.8755980861244019,MixedColony,MCF10A+TRAIL,MCF10A,skt_3,Apoptosis,209,0.019,10,50
20181227_MCF10A_SKT_xy4.csv,0.09677419354838712,0.8894736842105263,MixedColony,MCF10A+TRAIL,MCF10A,skt_4,Apoptosis,190,0.015,10,50
20181227_MCF10A_SKT_xy5.csv,0.3448275862068965,0.9125,MixedColony,MCF10A+TRAIL,MCF10A,skt_5,Apoptosis,160,0.002,10,50
3-11-23_10ah2bmch_ml+zvad_fullmedia_puredeath1_sytox_based.csv,0.15974391005621494,0.1624548736462094,MixedColony,MCF10A+3-11-23_10ah2bmch_ml+zvad_fullmedia_puredeath1_sytox_based.csv,MCF10A,pure_death_1,Necrosis,831,0.0,10,50
3-11-23_10ah2bmch_ml+zvad_fullmedia_puredeath2_sytox_based.csv,0.2568988764044944,0.14992272024729522,MixedColony,MCF10A+3-11-23_10ah2bmch_ml+zvad_fullmedia_puredeath2_sytox_based.csv,MCF10A,pure_death_2,Necrosis,647,0.0,10,50
3-11-23_10ah2bmch_ml+zvad_fullmedia_puredeath3_sytox_based.csv,-0.005633802816901473,0.17391304347826086,MixedColony,MCF10A+3-11-23_10ah2bmch_ml+zvad_fullmedia_puredeath3_sytox_based.csv,MCF10A,pure_death_3,Necrosis,22,0.054,10,50
field13_crop-001_ROI#1_annotation_apop.csv,0.0931590656284761,0.2109704641350211,ApoptosisInColonies,MCF10A+field13_crop-001_roi#1_annotation_apop.csv,MCF10A,field13_colony,Apoptosis,237,0.001,30,50
field13_crop-001_ROI#1_annotation_nec.csv,0.30864197530864196,0.1715210355987055,NecrosisInColonies,MCF10A+field13_crop-001_roi#1_annotation_nec.csv,MCF10A,field13_colony,Necrosis,309,0.0,30,50
Field14-002_ROI#1_annotation_apop.csv,0.16591733139956488,0.19121447028423771,ApoptosisInColonies,MCF10A+field14-002_roi#1_annotation_apop.csv,MCF10A,field14_colony,Apoptosis,387,0.0,30,50
Field14-002_ROI#1_annotation_nec.csv,0.3029625489100056,0.19678714859437751,NecrosisInColonies,MCF10A+field14-002_roi#1_annotation_nec.csv,MCF10A,field14_colony,Necrosis,249,0.0,30,50
7-20-23_10arednuclei_ROI#10_annotation_apop.csv,-0.48722044728434505,0.3191489361702128,ApoptosisInColonies,MCF10A+7-20-23_10arednuclei_roi#10_annotation_apop.csv,MCF10A,field11_colony,Apoptosis,47,0.554,30,50
7-20-23_10arednuclei_ROI#10_annotation_nec.csv,0.37069922308546066,0.19718309859154928,NecrosisInColonies,MCF10A+7-20-23_10arednuclei_roi#10_annotation_nec.csv,MCF10A,field11_colony,Necrosis,142,0.0,30,50
7-20-23_10arednuclei_ROI#13_or14_both_colonies_annotation_apop.csv,0.24679820006922804,0.14919354838709678,ApoptosisInColonies,MCF10A+7-20-23_10arednuclei_roi#13_or14_both_colonies_annotation_apop.csv,MCF10A,field14_two_colony,Apoptosis,248,0.0,30,50
7-20-23_10arednuclei_ROI#13_or14_both_colonies_annotation_nec.csv,0.5799530673818304,0.15273775216138327,NecrosisInColonies,MCF10A+7-20-23_10arednuclei_roi#13_or14_both_colonies_annotation_nec.csv,MCF10A,field14_two_colony,Necrosis,348,0.0,30,50
field13_crop-001_ROI#1_annotation_mixed.csv,0.3465083135391924,0.15567765567765568,MixedColony,MCF10A+field13_crop-001_roi#1_annotation_mixed.csv,MCF10A,field13_colony,mixed,546,0.0,30,50
Field14-002_ROI#1_annotation_mixed.csv,0.35096979332273454,0.15023474178403756,MixedColony,MCF10A+field14-002_roi#1_annotation_mixed.csv,MCF10A,field14_colony,mixed,641,0.0,30,50
7-20-23_10arednuclei_ROI#10_annotation_mixed.csv,0.2534263643159731,0.15873015873015872,MixedColony,MCF10A+7-20-23_10arednuclei_roi#10_annotation_mixed.csv,MCF10A,field11_colony,mixed,200,0.0,30,50
7-20-23_10arednuclei_ROI#13_or14_both_colonies_annotation_mixed.csv,0.6194852941176471,0.14453781512605043,MixedColony,MCF10A+7-20-23_10arednuclei_roi#13_or14_both_colonies_annotation_mixed.csv,MCF10A,field14_two_colony,mixed,596,0.0,30,50
purecolony3_sytox_based.csv,0.13250620347394546,0.22348484848484848,MixedColony,MCF10A+purecolony3_sytox_based.csv,MCF10A,pure_colony_3,Necrosis,818,0.0,30,50
purecolony_sytox_based.csv,0.20329422382671486,0.17019027484143764,MixedColony,MCF10A+purecolony_sytox_based.csv,MCF10A,pure_colony_1,Necrosis,930,0.0,30,50
purecolony2_sytox_based.csv,0.12255873195584502,0.2,MixedColony,MCF10A+purecolony2_sytox_based.csv,MCF10A,pure_colony_2,Necrosis,975,0.0,30,50
mixcolony1.csv,0.37071088491216553,0.17507418397626112,MixedColony,MCF10A+mixcolony1.csv,MCF10A,mix_colony_1,mixed,337,0.0,30,50
mixcolony2_field13.csv,0.4373983739837399,0.14555765595463138,MixedColony,MCF10A+mixcolony2_field13.csv,MCF10A,mix_colony_2,mixed,529,0.0,30,50
mixcolony3.csv,0.11655582779138954,0.25961538461538464,MixedColony,MCF10A+mixcolony3.csv,MCF10A,mix_colony_3,mixed,208,0.0,30,50
20181227_MCF10A_SKT_xy1.csv,0.41666666666666663,0.7757575757575758,MixedColony,MCF10A+TRAIL,MCF10A,skt_1,Apoptosis,165,0.0,30,50
20181227_MCF10A_SKT_xy2.csv,0.0,0.9071428571428571,MixedColony,MCF10A+TRAIL,MCF10A,skt_2,Apoptosis,140,0.04,30,50
20181227_MCF10A_SKT_xy3.csv,0.05714285714285714,0.8755980861244019,MixedColony,MCF10A+TRAIL,MCF10A,skt_3,Apoptosis,209,0.022,30,50
20181227_MCF10A_SKT_xy4.csv,0.1290322580645162,0.8894736842105263,MixedColony,MCF10A+TRAIL,MCF10A,skt_4,Apoptosis,190,0.011,30,50
20181227_MCF10A_SKT_xy5.csv,0.3684210526315789,0.9125,MixedColony,MCF10A+TRAIL,MCF10A,skt_5,Apoptosis,160,0.0,30,50
3-11-23_10ah2bmch_ml+zvad_fullmedia_puredeath1_sytox_based.csv,0.1622632686462474,0.197352587244284,MixedColony,MCF10A+3-11-23_10ah2bmch_ml+zvad_fullmedia_puredeath1_sytox_based.csv,MCF10A,pure_death_1,Necrosis,831,0.0,30,50
3-11-23_10ah2bmch_ml+zvad_fullmedia_puredeath2_sytox_based.csv,0.2547528517110266,0.1777434312210201,MixedColony,MCF10A+3-11-23_10ah2bmch_ml+zvad_fullmedia_puredeath2_sytox_based.csv,MCF10A,pure_death_2,Necrosis,647,0.0,30,50
3-11-23_10ah2bmch_ml+zvad_fullmedia_puredeath3_sytox_based.csv,0.00847457627118644,0.21739130434782608,MixedColony,MCF10A+3-11-23_10ah2bmch_ml+zvad_fullmedia_puredeath3_sytox_based.csv,MCF10A,pure_death_3,Necrosis,22,0.039,30,50
field13_crop-001_ROI#1_annotation_apop.csv,0.09468438538205985,0.2109704641350211,ApoptosisInColonies,MCF10A+field13_crop-001_roi#1_annotation_apop.csv,MCF10A,field13_colony,Apoptosis,237,0.0,60,50
field13_crop-001_ROI#1_annotation_nec.csv,0.291044776119403,0.20388349514563106,NecrosisInColonies,MCF10A+field13_crop-001_roi#1_annotation_nec.csv,MCF10A,field13_colony,Necrosis,309,0.0,60,50
Field14-002_ROI#1_annotation_apop.csv,0.1681109185441941,0.20155038759689922,ApoptosisInColonies,MCF10A+field14-002_roi#1_annotation_apop.csv,MCF10A,field14_colony,Apoptosis,387,0.0,60,50
Field14-002_ROI#1_annotation_nec.csv,0.3057671381936888,0.22088353413654618,NecrosisInColonies,MCF10A+field14-002_roi#1_annotation_nec.csv,MCF10A,field14_colony,Necrosis,249,0.0,60,50
7-20-23_10arednuclei_ROI#10_annotation_apop.csv,-0.4999999999999999,0.3404255319148936,ApoptosisInColonies,MCF10A+7-20-23_10arednuclei_roi#10_annotation_apop.csv,MCF10A,field11_colony,Apoptosis,47,0.535,60,50
7-20-23_10arednuclei_ROI#10_annotation_nec.csv,0.3585746102449889,0.22535211267605634,NecrosisInColonies,MCF10A+7-20-23_10arednuclei_roi#10_annotation_nec.csv,MCF10A,field11_colony,Necrosis,142,0.0,60,50
7-20-23_10arednuclei_ROI#13_or14_both_colonies_annotation_apop.csv,0.2465317261769388,0.1693548387096774,ApoptosisInColonies,MCF10A+7-20-23_10arednuclei_roi#13_or14_both_colonies_annotation_apop.csv,MCF10A,field14_two_colony,Apoptosis,248,0.0,60,50
7-20-23_10arednuclei_ROI#13_or14_both_colonies_annotation_nec.csv,0.5781466113416321,0.2017291066282421,NecrosisInColonies,MCF10A+7-20-23_10arednuclei_roi#13_or14_both_colonies_annotation_nec.csv,MCF10A,field14_two_colony,Necrosis,348,0.0,60,50
field13_crop-001_ROI#1_annotation_mixed.csv,0.3454441696785238,0.17582417582417584,MixedColony,MCF10A+field13_crop-001_roi#1_annotation_mixed.csv,MCF10A,field13_colony,mixed,546,0.0,60,50
Field14-002_ROI#1_annotation_mixed.csv,0.3503184713375797,0.17214397496087636,MixedColony,MCF10A+field14-002_roi#1_annotation_mixed.csv,MCF10A,field14_colony,mixed,641,0.0,60,50
7-20-23_10arednuclei_ROI#10_annotation_mixed.csv,0.2550767706785537,0.17989417989417988,MixedColony,MCF10A+7-20-23_10arednuclei_roi#10_annotation_mixed.csv,MCF10A,field11_colony,mixed,200,0.0,60,50
7-20-23_10arednuclei_ROI#13_or14_both_colonies_annotation_mixed.csv,0.6162856603060646,0.17983193277310924,MixedColony,MCF10A+7-20-23_10arednuclei_roi#13_or14_both_colonies_annotation_mixed.csv,MCF10A,field14_two_colony,mixed,596,0.0,60,50
purecolony3_sytox_based.csv,0.10896130346232184,0.23863636363636365,MixedColony,MCF10A+purecolony3_sytox_based.csv,MCF10A,pure_colony_3,Necrosis,818,0.0,60,50
purecolony_sytox_based.csv,0.20731707317073184,0.20507399577167018,MixedColony,MCF10A+purecolony_sytox_based.csv,MCF10A,pure_colony_1,Necrosis,930,0.0,60,50
purecolony2_sytox_based.csv,0.09237228831350591,0.23425925925925925,MixedColony,MCF10A+purecolony2_sytox_based.csv,MCF10A,pure_colony_2,Necrosis,975,0.0,60,50
mixcolony1.csv,0.3584781895703509,0.19584569732937684,MixedColony,MCF10A+mixcolony1.csv,MCF10A,mix_colony_1,mixed,337,0.0,60,50
mixcolony2_field13.csv,0.438498957609451,0.18714555765595464,MixedColony,MCF10A+mixcolony2_field13.csv,MCF10A,mix_colony_2,mixed,529,0.0,60,50
mixcolony3.csv,0.11756569847856159,0.27403846153846156,MixedColony,MCF10A+mixcolony3.csv,MCF10A,mix_colony_3,mixed,208,0.0,60,50
20181227_MCF10A_SKT_xy1.csv,0.43589743589743585,0.7757575757575758,MixedColony,MCF10A+TRAIL,MCF10A,skt_1,Apoptosis,165,0.0,60,50
20181227_MCF10A_SKT_xy2.csv,-0.24999999999999994,0.9071428571428571,MixedColony,MCF10A+TRAIL,MCF10A,skt_2,Apoptosis,140,0.145,60,50
20181227_MCF10A_SKT_xy3.csv,0.0,0.8803827751196173,MixedColony,MCF10A+TRAIL,MCF10A,skt_3,Apoptosis,209,0.031,60,50
20181227_MCF10A_SKT_xy4.csv,-0.07142857142857154,0.8947368421052632,MixedColony,MCF10A+TRAIL,MCF10A,skt_4,Apoptosis,190,0.056,60,50
20181227_MCF10A_SKT_xy5.csv,0.4444444444444444,0.9125,MixedColony,MCF10A+TRAIL,MCF10A,skt_5,Apoptosis,160,0.001,60,50
3-11-23_10ah2bmch_ml+zvad_fullmedia_puredeath1_sytox_based.csv,0.16523809523809516,0.22021660649819494,MixedColony,MCF10A+3-11-23_10ah2bmch_ml+zvad_fullmedia_puredeath1_sytox_based.csv,MCF10A,pure_death_1,Necrosis,831,0.0,60,50
3-11-23_10ah2bmch_ml+zvad_fullmedia_puredeath2_sytox_based.csv,0.2560572687224669,0.19938176197836166,MixedColony,MCF10A+3-11-23_10ah2bmch_ml+zvad_fullmedia_puredeath2_sytox_based.csv,MCF10A,pure_death_2,Necrosis,647,0.0,60,50
3-11-23_10ah2bmch_ml+zvad_fullmedia_puredeath3_sytox_based.csv,0.0,0.21739130434782608,MixedColony,MCF10A+3-11-23_10ah2bmch_ml+zvad_fullmedia_puredeath3_sytox_based.csv,MCF10A,pure_death_3,Necrosis,22,0.046,60,50
field13_crop-001_ROI#1_annotation_apop.csv,0.08612040133779261,0.22784810126582278,ApoptosisInColonies,MCF10A+field13_crop-001_roi#1_annotation_apop.csv,MCF10A,field13_colony,Apoptosis,237,0.002,90,50
field13_crop-001_ROI#1_annotation_nec.csv,0.27450980392156865,0.23624595469255663,NecrosisInColonies,MCF10A+field13_crop-001_roi#1_annotation_nec.csv,MCF10A,field13_colony,Necrosis,309,0.0,90,50
Field14-002_ROI#1_annotation_apop.csv,0.1573229030856149,0.21705426356589147,ApoptosisInColonies,MCF10A+field14-002_roi#1_annotation_apop.csv,MCF10A,field14_colony,Apoptosis,387,0.0,90,50
Field14-002_ROI#1_annotation_nec.csv,0.2826797385620915,0.24899598393574296,NecrosisInColonies,MCF10A+field14-002_roi#1_annotation_nec.csv,MCF10A,field14_colony,Necrosis,249,0.0,90,50
7-20-23_10arednuclei_ROI#10_annotation_apop.csv,-0.47417840375586845,0.3191489361702128,ApoptosisInColonies,MCF10A+7-20-23_10arednuclei_roi#10_annotation_apop.csv,MCF10A,field11_colony,Apoptosis,47,0.568,90,50
7-20-23_10arednuclei_ROI#10_annotation_nec.csv,0.3559322033898306,0.23943661971830985,NecrosisInColonies,MCF10A+7-20-23_10arednuclei_roi#10_annotation_nec.csv,MCF10A,field11_colony,Necrosis,142,0.0,90,50
7-20-23_10arednuclei_ROI#13_or14_both_colonies_annotation_apop.csv,0.24922547332185882,0.1693548387096774,ApoptosisInColonies,MCF10A+7-20-23_10arednuclei_roi#13_or14_both_colonies_annotation_apop.csv,MCF10A,field14_two_colony,Apoptosis,248,0.0,90,50
7-20-23_10arednuclei_ROI#13_or14_both_colonies_annotation_nec.csv,0.581039755351682,0.21613832853025935,NecrosisInColonies,MCF10A+7-20-23_10arednuclei_roi#13_or14_both_colonies_annotation_nec.csv,MCF10A,field14_two_colony,Necrosis,348,0.0,90,50
field13_crop-001_ROI#1_annotation_mixed.csv,0.3434112949229891,0.1978021978021978,MixedColony,MCF10A+field13_crop-001_roi#1_annotation_mixed.csv,MCF10A,field13_colony,mixed,546,0.0,90,50
Field14-002_ROI#1_annotation_mixed.csv,0.3459715639810428,0.18622848200312989,MixedColony,MCF10A+field14-002_roi#1_annotation_mixed.csv,MCF10A,field14_colony,mixed,641,0.0,90,50
7-20-23_10arednuclei_ROI#10_annotation_mixed.csv,0.2475764354958986,0.19576719576719576,MixedColony,MCF10A+7-20-23_10arednuclei_roi#10_annotation_mixed.csv,MCF10A,field11_colony,mixed,200,0.0,90,50
7-20-23_10arednuclei_ROI#13_or14_both_colonies_annotation_mixed.csv,0.6159223855043515,0.18487394957983194,MixedColony,MCF10A+7-20-23_10arednuclei_roi#13_or14_both_colonies_annotation_mixed.csv,MCF10A,field14_two_colony,mixed,596,0.0,90,50
purecolony3_sytox_based.csv,0.04190751445086705,0.24494949494949494,MixedColony,MCF10A+purecolony3_sytox_based.csv,MCF10A,pure_colony_3,Necrosis,818,0.0,90,50
purecolony_sytox_based.csv,0.14605067064083463,0.22410147991543342,MixedColony,MCF10A+purecolony_sytox_based.csv,MCF10A,pure_colony_1,Necrosis,930,0.0,90,50
purecolony2_sytox_based.csv,0.004184100418409912,0.24814814814814815,MixedColony,MCF10A+purecolony2_sytox_based.csv,MCF10A,pure_colony_2,Necrosis,975,0.04,90,50
mixcolony1.csv,0.367457962413452,0.2344213649851632,MixedColony,MCF10A+mixcolony1.csv,MCF10A,mix_colony_1,mixed,337,0.0,90,50
mixcolony2_field13.csv,0.44478951000690126,0.2060491493383743,MixedColony,MCF10A+mixcolony2_field13.csv,MCF10A,mix_colony_2,mixed,529,0.0,90,50
mixcolony3.csv,0.1317427385892116,0.30288461538461536,MixedColony,MCF10A+mixcolony3.csv,MCF10A,mix_colony_3,mixed,208,0.0,90,50
20181227_MCF10A_SKT_xy1.csv,0.3636363636363636,0.7757575757575758,MixedColony,MCF10A+TRAIL,MCF10A,skt_1,Apoptosis,165,0.0,90,50
20181227_MCF10A_SKT_xy2.csv,0.5,0.9214285714285714,MixedColony,MCF10A+TRAIL,MCF10A,skt_2,Apoptosis,140,0.002,90,50
20181227_MCF10A_SKT_xy3.csv,0.0,0.8755980861244019,MixedColony,MCF10A+TRAIL,MCF10A,skt_3,Apoptosis,209,0.033,90,50
20181227_MCF10A_SKT_xy4.csv,0.11111111111111104,0.8894736842105263,MixedColony,MCF10A+TRAIL,MCF10A,skt_4,Apoptosis,190,0.014,90,50
20181227_MCF10A_SKT_xy5.csv,0.2,0.9125,MixedColony,MCF10A+TRAIL,MCF10A,skt_5,Apoptosis,160,0.021,90,50
3-11-23_10ah2bmch_ml+zvad_fullmedia_puredeath1_sytox_based.csv,0.15330788804071244,0.2322503008423586,MixedColony,MCF10A+3-11-23_10ah2bmch_ml+zvad_fullmedia_puredeath1_sytox_based.csv,MCF10A,pure_death_1,Necrosis,831,0.0,90,50
3-11-23_10ah2bmch_ml+zvad_fullmedia_puredeath2_sytox_based.csv,0.2177033492822967,0.20865533230293662,MixedColony,MCF10A+3-11-23_10ah2bmch_ml+zvad_fullmedia_puredeath2_sytox_based.csv,MCF10A,pure_death_2,Necrosis,647,0.0,90,50
3-11-23_10ah2bmch_ml+zvad_fullmedia_puredeath3_sytox_based.csv,0.06818181818181818,0.21739130434782608,MixedColony,MCF10A+3-11-23_10ah2bmch_ml+zvad_fullmedia_puredeath3_sytox_based.csv,MCF10A,pure_death_3,Necrosis,22,0.019,90,50
field13_crop-001_ROI#1_annotation_apop.csv,0.08437856328392233,0.23628691983122363,ApoptosisInColonies,MCF10A+field13_crop-001_roi#1_annotation_apop.csv,MCF10A,field13_colony,Apoptosis,237,0.001,120,50
field13_crop-001_ROI#1_annotation_nec.csv,0.3397212543554007,0.255663430420712,NecrosisInColonies,MCF10A+field13_crop-001_roi#1_annotation_nec.csv,MCF10A,field13_colony,Necrosis,309,0.0,120,50
Field14-002_ROI#1_annotation_apop.csv,0.17156016119746686,0.2248062015503876,ApoptosisInColonies,MCF10A+field14-002_roi#1_annotation_apop.csv,MCF10A,field14_colony,Apoptosis,387,0.0,120,50
Field14-002_ROI#1_annotation_nec.csv,0.3298538622129436,0.26506024096385544,NecrosisInColonies,MCF10A+field14-002_roi#1_annotation_nec.csv,MCF10A,field14_colony,Necrosis,249,0.0,120,50
7-20-23_10arednuclei_ROI#10_annotation_apop.csv,-0.5129870129870129,0.3404255319148936,ApoptosisInColonies,MCF10A+7-20-23_10arednuclei_roi#10_annotation_apop.csv,MCF10A,field11_colony,Apoptosis,47,0.547,120,50
7-20-23_10arednuclei_ROI#10_annotation_nec.csv,0.34146341463414626,0.2535211267605634,NecrosisInColonies,MCF10A+7-20-23_10arednuclei_roi#10_annotation_nec.csv,MCF10A,field11_colony,Necrosis,142,0.0,120,50
7-20-23_10arednuclei_ROI#13_or14_both_colonies_annotation_apop.csv,0.2509293680297398,0.1774193548387097,ApoptosisInColonies,MCF10A+7-20-23_10arednuclei_roi#13_or14_both_colonies_annotation_apop.csv,MCF10A,field14_two_colony,Apoptosis,248,0.0,120,50
7-20-23_10arednuclei_ROI#13_or14_both_colonies_annotation_nec.csv,0.547144754316069,0.2334293948126801,NecrosisInColonies,MCF10A+7-20-23_10arednuclei_roi#13_or14_both_colonies_annotation_nec.csv,MCF10A,field14_two_colony,Necrosis,348,0.0,120,50
field13_crop-001_ROI#1_annotation_mixed.csv,0.3648293963254593,0.20512820512820512,MixedColony,MCF10A+field13_crop-001_roi#1_annotation_mixed.csv,MCF10A,field13_colony,mixed,546,0.0,120,50
Field14-002_ROI#1_annotation_mixed.csv,0.3552731893265566,0.19718309859154928,MixedColony,MCF10A+field14-002_roi#1_annotation_mixed.csv,MCF10A,field14_colony,mixed,641,0.0,120,50
7-20-23_10arednuclei_ROI#10_annotation_mixed.csv,0.24035608308605336,0.20634920634920634,MixedColony,MCF10A+7-20-23_10arednuclei_roi#10_annotation_mixed.csv,MCF10A,field11_colony,mixed,200,0.0,120,50
7-20-23_10arednuclei_ROI#13_or14_both_colonies_annotation_mixed.csv,0.6170495538257071,0.20504201680672268,MixedColony,MCF10A+7-20-23_10arednuclei_roi#13_or14_both_colonies_annotation_mixed.csv,MCF10A,field14_two_colony,mixed,596,0.0,120,50
purecolony3_sytox_based.csv,0.1813333333333334,0.255050505050505,MixedColony,MCF10A+purecolony3_sytox_based.csv,MCF10A,pure_colony_3,Necrosis,818,0.0,120,50
purecolony_sytox_based.csv,0.24761146496815292,0.22410147991543342,MixedColony,MCF10A+purecolony_sytox_based.csv,MCF10A,pure_colony_1,Necrosis,930,0.0,120,50
purecolony2_sytox_based.csv,0.14144736842105263,0.2324074074074074,MixedColony,MCF10A+purecolony2_sytox_based.csv,MCF10A,pure_colony_2,Necrosis,975,0.0,120,50
mixcolony1.csv,0.3752417794970986,0.2433234421364985,MixedColony,MCF10A+mixcolony1.csv,MCF10A,mix_colony_1,mixed,337,0.0,120,50
mixcolony2_field13.csv,0.4353549600376117,0.21550094517958412,MixedColony,MCF10A+mixcolony2_field13.csv,MCF10A,mix_colony_2,mixed,529,0.0,120,50
mixcolony3.csv,0.1100412654745528,0.28846153846153844,MixedColony,MCF10A+mixcolony3.csv,MCF10A,mix_colony_3,mixed,208,0.0,120,50
20181227_MCF10A_SKT_xy1.csv,0.4666666666666667,0.7757575757575758,MixedColony,MCF10A+TRAIL,MCF10A,skt_1,Apoptosis,165,0.0,120,50
20181227_MCF10A_SKT_xy2.csv,-0.5000000000000001,0.9071428571428571,MixedColony,MCF10A+TRAIL,MCF10A,skt_2,Apoptosis,140,0.09,120,50
20181227_MCF10A_SKT_xy3.csv,-1.0,0.8803827751196173,MixedColony,MCF10A+TRAIL,MCF10A,skt_3,Apoptosis,209,0.248,120,50
20181227_MCF10A_SKT_xy4.csv,-1.5,0.8947368421052632,MixedColony,MCF10A+TRAIL,MCF10A,skt_4,Apoptosis,190,0.343,120,50
20181227_MCF10A_SKT_xy5.csv,0.5,0.9125,MixedColony,MCF10A+TRAIL,MCF10A,skt_5,Apoptosis,160,0.003,120,50
3-11-23_10ah2bmch_ml+zvad_fullmedia_puredeath1_sytox_based.csv,0.23322932917316702,0.2286401925391095,MixedColony,MCF10A+3-11-23_10ah2bmch_ml+zvad_fullmedia_puredeath1_sytox_based.csv,MCF10A,pure_death_1,Necrosis,831,0.0,120,50
3-11-23_10ah2bmch_ml+zvad_fullmedia_puredeath2_sytox_based.csv,0.2784552845528455,0.21483771251931993,MixedColony,MCF10A+3-11-23_10ah2bmch_ml+zvad_fullmedia_puredeath2_sytox_based.csv,MCF10A,pure_death_2,Necrosis,647,0.0,120,50
3-11-23_10ah2bmch_ml+zvad_fullmedia_puredeath3_sytox_based.csv,0.043478260869565216,0.30434782608695654,MixedColony,MCF10A+3-11-23_10ah2bmch_ml+zvad_fullmedia_puredeath3_sytox_based.csv,MCF10A,pure_death_3,Necrosis,22,0.025,120,50
field13_crop-001_ROI#1_annotation_apop.csv,0.05639038279025619,0.14767932489451477,ApoptosisInColonies,MCF10A+field13_crop-001_roi#1_annotation_apop.csv,MCF10A,field13_colony,Apoptosis,237,0.0,5,100
field13_crop-001_ROI#1_annotation_nec.csv,0.264300507034207,0.11003236245954692,NecrosisInColonies,MCF10A+field13_crop-001_roi#1_annotation_nec.csv,MCF10A,field13_colony,Necrosis,309,0.0,5,100
Field14-002_ROI#1_annotation_apop.csv,0.16198017332751416,0.14470284237726097,ApoptosisInColonies,MCF10A+field14-002_roi#1_annotation_apop.csv,MCF10A,field14_colony,Apoptosis,387,0.0,5,100
Field14-002_ROI#1_annotation_nec.csv,0.20923371341998237,0.12449799196787148,NecrosisInColonies,MCF10A+field14-002_roi#1_annotation_nec.csv,MCF10A,field14_colony,Necrosis,249,0.0,5,100
7-20-23_10arednuclei_ROI#10_annotation_apop.csv,0.04665127020785214,0.1702127659574468,ApoptosisInColonies,MCF10A+7-20-23_10arednuclei_roi#10_annotation_apop.csv,MCF10A,field11_colony,Apoptosis,47,0.023,5,100
7-20-23_10arednuclei_ROI#10_annotation_nec.csv,0.324772036474164,0.14788732394366197,NecrosisInColonies,MCF10A+7-20-23_10arednuclei_roi#10_annotation_nec.csv,MCF10A,field11_colony,Necrosis,142,0.0,5,100
7-20-23_10arednuclei_ROI#13_or14_both_colonies_annotation_apop.csv,0.24928555726533297,0.14112903225806453,ApoptosisInColonies,MCF10A+7-20-23_10arednuclei_roi#13_or14_both_colonies_annotation_apop.csv,MCF10A,field14_two_colony,Apoptosis,248,0.0,5,100
7-20-23_10arednuclei_ROI#13_or14_both_colonies_annotation_nec.csv,0.5466695642725199,0.0893371757925072,NecrosisInColonies,MCF10A+7-20-23_10arednuclei_roi#13_or14_both_colonies_annotation_nec.csv,MCF10A,field14_two_colony,Necrosis,348,0.0,5,100
field13_crop-001_ROI#1_annotation_mixed.csv,0.3318581332012875,0.11904761904761904,MixedColony,MCF10A+field13_crop-001_roi#1_annotation_mixed.csv,MCF10A,field13_colony,mixed,546,0.0,5,100
Field14-002_ROI#1_annotation_mixed.csv,0.33217076598024653,0.1267605633802817,MixedColony,MCF10A+field14-002_roi#1_annotation_mixed.csv,MCF10A,field14_colony,mixed,641,0.0,5,100
7-20-23_10arednuclei_ROI#10_annotation_mixed.csv,0.25601784203645317,0.12169312169312169,MixedColony,MCF10A+7-20-23_10arednuclei_roi#10_annotation_mixed.csv,MCF10A,field11_colony,mixed,200,0.0,5,100
7-20-23_10arednuclei_ROI#13_or14_both_colonies_annotation_mixed.csv,0.6091477368720146,0.1092436974789916,MixedColony,MCF10A+7-20-23_10arednuclei_roi#13_or14_both_colonies_annotation_mixed.csv,MCF10A,field14_two_colony,mixed,596,0.0,5,100
purecolony3_sytox_based.csv,0.09233288246600696,0.14898989898989898,MixedColony,MCF10A+purecolony3_sytox_based.csv,MCF10A,pure_colony_3,Necrosis,818,0.0,5,100
purecolony_sytox_based.csv,0.19636188856435094,0.12790697674418605,MixedColony,MCF10A+purecolony_sytox_based.csv,MCF10A,pure_colony_1,Necrosis,930,0.0,5,100
purecolony2_sytox_based.csv,0.12508833922261495,0.1398148148148148,MixedColony,MCF10A+purecolony2_sytox_based.csv,MCF10A,pure_colony_2,Necrosis,975,0.0,5,100
mixcolony1.csv,0.2876699614831315,0.10385756676557864,MixedColony,MCF10A+mixcolony1.csv,MCF10A,mix_colony_1,mixed,337,0.0,5,100
mixcolony2_field13.csv,0.3701475636080541,0.10207939508506617,MixedColony,MCF10A+mixcolony2_field13.csv,MCF10A,mix_colony_2,mixed,529,0.0,5,100
mixcolony3.csv,0.11957902377064056,0.1346153846153846,MixedColony,MCF10A+mixcolony3.csv,MCF10A,mix_colony_3,mixed,208,0.0,5,100
20181227_MCF10A_SKT_xy1.csv,0.1681592039800995,0.3333333333333333,MixedColony,MCF10A+TRAIL,MCF10A,skt_1,Apoptosis,165,0.0,5,100
20181227_MCF10A_SKT_xy2.csv,0.1859504132231405,0.4357142857142857,MixedColony,MCF10A+TRAIL,MCF10A,skt_2,Apoptosis,140,0.0,5,100
20181227_MCF10A_SKT_xy3.csv,0.08346972176759404,0.40669856459330145,MixedColony,MCF10A+TRAIL,MCF10A,skt_3,Apoptosis,209,0.0,5,100
20181227_MCF10A_SKT_xy4.csv,0.2159090909090909,0.39473684210526316,MixedColony,MCF10A+TRAIL,MCF10A,skt_4,Apoptosis,190,0.0,5,100
20181227_MCF10A_SKT_xy5.csv,0.07196969696969696,0.44375,MixedColony,MCF10A+TRAIL,MCF10A,skt_5,Apoptosis,160,0.002,5,100
3-11-23_10ah2bmch_ml+zvad_fullmedia_puredeath1_sytox_based.csv,0.1603272296341604,0.15162454873646208,MixedColony,MCF10A+3-11-23_10ah2bmch_ml+zvad_fullmedia_puredeath1_sytox_based.csv,MCF10A,pure_death_1,Necrosis,831,0.0,5,100
3-11-23_10ah2bmch_ml+zvad_fullmedia_puredeath2_sytox_based.csv,0.25309931126416346,0.13292117465224113,MixedColony,MCF10A+3-11-23_10ah2bmch_ml+zvad_fullmedia_puredeath2_sytox_based.csv,MCF10A,pure_death_2,Necrosis,647,0.0,5,100
3-11-23_10ah2bmch_ml+zvad_fullmedia_puredeath3_sytox_based.csv,-0.10394265232974907,0.17391304347826086,MixedColony,MCF10A+3-11-23_10ah2bmch_ml+zvad_fullmedia_puredeath3_sytox_based.csv,MCF10A,pure_death_3,Necrosis,22,0.203,5,100
field13_crop-001_ROI#1_annotation_apop.csv,0.059324708109813745,0.1518987341772152,ApoptosisInColonies,MCF10A+field13_crop-001_roi#1_annotation_apop.csv,MCF10A,field13_colony,Apoptosis,237,0.0,10,100
field13_crop-001_ROI#1_annotation_nec.csv,0.26141732283464564,0.11974110032362459,NecrosisInColonies,MCF10A+field13_crop-001_roi#1_annotation_nec.csv,MCF10A,field13_colony,Necrosis,309,0.0,10,100
Field14-002_ROI#1_annotation_apop.csv,0.1633254472253352,0.1524547803617571,ApoptosisInColonies,MCF10A+field14-002_roi#1_annotation_apop.csv,MCF10A,field14_colony,Apoptosis,387,0.0,10,100
Field14-002_ROI#1_annotation_nec.csv,0.20830681094844047,0.13654618473895583,NecrosisInColonies,MCF10A+field14-002_roi#1_annotation_nec.csv,MCF10A,field14_colony,Necrosis,249,0.0,10,100
7-20-23_10arednuclei_ROI#10_annotation_apop.csv,0.03370786516853927,0.1702127659574468,ApoptosisInColonies,MCF10A+7-20-23_10arednuclei_roi#10_annotation_apop.csv,MCF10A,field11_colony,Apoptosis,47,0.027,10,100
7-20-23_10arednuclei_ROI#10_annotation_nec.csv,0.32436131386861305,0.14788732394366197,NecrosisInColonies,MCF10A+7-20-23_10arednuclei_roi#10_annotation_nec.csv,MCF10A,field11_colony,Necrosis,142,0.0,10,100
7-20-23_10arednuclei_ROI#13_or14_both_colonies_annotation_apop.csv,0.24768688500514024,0.14112903225806453,ApoptosisInColonies,MCF10A+7-20-23_10arednuclei_roi#13_or14_both_colonies_annotation_apop.csv,MCF10A,field14_two_colony,Apoptosis,248,0.0,10,100
7-20-23_10arednuclei_ROI#13_or14_both_colonies_annotation_nec.csv,0.5474072466912562,0.0893371757925072,NecrosisInColonies,MCF10A+7-20-23_10arednuclei_roi#13_or14_both_colonies_annotation_nec.csv,MCF10A,field14_two_colony,Necrosis,348,0.0,10,100
field13_crop-001_ROI#1_annotation_mixed.csv,0.3306903707374485,0.12637362637362637,MixedColony,MCF10A+field13_crop-001_roi#1_annotation_mixed.csv,MCF10A,field13_colony,mixed,546,0.0,10,100
Field14-002_ROI#1_annotation_mixed.csv,0.33257941396231744,0.13458528951486698,MixedColony,MCF10A+field14-002_roi#1_annotation_mixed.csv,MCF10A,field14_colony,mixed,641,0.0,10,100
7-20-23_10arednuclei_ROI#10_annotation_mixed.csv,0.26270863501257524,0.12169312169312169,MixedColony,MCF10A+7-20-23_10arednuclei_roi#10_annotation_mixed.csv,MCF10A,field11_colony,mixed,200,0.0,10,100
7-20-23_10arednuclei_ROI#13_or14_both_colonies_annotation_mixed.csv,0.6099086394015575,0.1092436974789916,MixedColony,MCF10A+7-20-23_10arednuclei_roi#13_or14_both_colonies_annotation_mixed.csv,MCF10A,field14_two_colony,mixed,596,0.0,10,100
purecolony3_sytox_based.csv,0.09407913464275547,0.1691919191919192,MixedColony,MCF10A+purecolony3_sytox_based.csv,MCF10A,pure_colony_3,Necrosis,818,0.0,10,100
purecolony_sytox_based.csv,0.19424726412304047,0.1331923890063425,MixedColony,MCF10A+purecolony_sytox_based.csv,MCF10A,pure_colony_1,Necrosis,930,0.0,10,100
purecolony2_sytox_based.csv,0.12468169386022823,0.15185185185185185,MixedColony,MCF10A+purecolony2_sytox_based.csv,MCF10A,pure_colony_2,Necrosis,975,0.0,10,100
mixcolony1.csv,0.2879673439094536,0.10385756676557864,MixedColony,MCF10A+mixcolony1.csv,MCF10A,mix_colony_1,mixed,337,0.0,10,100
mixcolony2_field13.csv,0.3715486194477791,0.10207939508506617,MixedColony,MCF10A+mixcolony2_field13.csv,MCF10A,mix_colony_2,mixed,529,0.0,10,100
mixcolony3.csv,0.11615762948570042,0.1346153846153846,MixedColony,MCF10A+mixcolony3.csv,MCF10A,mix_colony_3,mixed,208,0.0,10,100
20181227_MCF10A_SKT_xy1.csv,0.16788321167883208,0.3333333333333333,MixedColony,MCF10A+TRAIL,MCF10A,skt_1,Apoptosis,165,0.0,10,100
20181227_MCF10A_SKT_xy2.csv,0.18181818181818174,0.4357142857142857,MixedColony,MCF10A+TRAIL,MCF10A,skt_2,Apoptosis,140,0.0,10,100
20181227_MCF10A_SKT_xy3.csv,0.09565217391304352,0.40669856459330145,MixedColony,MCF10A+TRAIL,MCF10A,skt_3,Apoptosis,209,0.0,10,100
20181227_MCF10A_SKT_xy4.csv,0.21195652173913052,0.39473684210526316,MixedColony,MCF10A+TRAIL,MCF10A,skt_4,Apoptosis,190,0.0,10,100
20181227_MCF10A_SKT_xy5.csv,0.08354430379746841,0.44375,MixedColony,MCF10A+TRAIL,MCF10A,skt_5,Apoptosis,160,0.002,10,100
3-11-23_10ah2bmch_ml+zvad_fullmedia_puredeath1_sytox_based.csv,0.1618346372142966,0.1588447653429603,MixedColony,MCF10A+3-11-23_10ah2bmch_ml+zvad_fullmedia_puredeath1_sytox_based.csv,MCF10A,pure_death_1,Necrosis,831,0.0,10,100
3-11-23_10ah2bmch_ml+zvad_fullmedia_puredeath2_sytox_based.csv,0.25530215635815073,0.14837712519319937,MixedColony,MCF10A+3-11-23_10ah2bmch_ml+zvad_fullmedia_puredeath2_sytox_based.csv,MCF10A,pure_death_2,Necrosis,647,0.0,10,100
3-11-23_10ah2bmch_ml+zvad_fullmedia_puredeath3_sytox_based.csv,-0.09367681498829031,0.17391304347826086,MixedColony,MCF10A+3-11-23_10ah2bmch_ml+zvad_fullmedia_puredeath3_sytox_based.csv,MCF10A,pure_death_3,Necrosis,22,0.197,10,100
field13_crop-001_ROI#1_annotation_apop.csv,0.0596308566019877,0.1729957805907173,ApoptosisInColonies,MCF10A+field13_crop-001_roi#1_annotation_apop.csv,MCF10A,field13_colony,Apoptosis,237,0.001,30,100
field13_crop-001_ROI#1_annotation_nec.csv,0.258974358974359,0.16828478964401294,NecrosisInColonies,MCF10A+field13_crop-001_roi#1_annotation_nec.csv,MCF10A,field13_colony,Necrosis,309,0.0,30,100
Field14-002_ROI#1_annotation_apop.csv,0.15988008993255068,0.15762273901808785,ApoptosisInColonies,MCF10A+field14-002_roi#1_annotation_apop.csv,MCF10A,field14_colony,Apoptosis,387,0.0,30,100
Field14-002_ROI#1_annotation_nec.csv,0.19264278799612786,0.15261044176706828,NecrosisInColonies,MCF10A+field14-002_roi#1_annotation_nec.csv,MCF10A,field14_colony,Necrosis,249,0.0,30,100
7-20-23_10arednuclei_ROI#10_annotation_apop.csv,0.023387668320340206,0.19148936170212766,ApoptosisInColonies,MCF10A+7-20-23_10arednuclei_roi#10_annotation_apop.csv,MCF10A,field11_colony,Apoptosis,47,0.031,30,100
7-20-23_10arednuclei_ROI#10_annotation_nec.csv,0.3240146654445463,0.16901408450704225,NecrosisInColonies,MCF10A+7-20-23_10arednuclei_roi#10_annotation_nec.csv,MCF10A,field11_colony,Necrosis,142,0.0,30,100
7-20-23_10arednuclei_ROI#13_or14_both_colonies_annotation_apop.csv,0.2454090150250418,0.14516129032258066,ApoptosisInColonies,MCF10A+7-20-23_10arednuclei_roi#13_or14_both_colonies_annotation_apop.csv,MCF10A,field14_two_colony,Apoptosis,248,0.0,30,100
7-20-23_10arednuclei_ROI#13_or14_both_colonies_annotation_nec.csv,0.5505362365940851,0.1440922190201729,NecrosisInColonies,MCF10A+7-20-23_10arednuclei_roi#13_or14_both_colonies_annotation_nec.csv,MCF10A,field14_two_colony,Necrosis,348,0.0,30,100
field13_crop-001_ROI#1_annotation_mixed.csv,0.3307137573964498,0.15567765567765568,MixedColony,MCF10A+field13_crop-001_roi#1_annotation_mixed.csv,MCF10A,field13_colony,mixed,546,0.0,30,100
Field14-002_ROI#1_annotation_mixed.csv,0.3331110167950038,0.14397496087636932,MixedColony,MCF10A+field14-002_roi#1_annotation_mixed.csv,MCF10A,field14_colony,mixed,641,0.0,30,100
7-20-23_10arednuclei_ROI#10_annotation_mixed.csv,0.25938723796360286,0.14285714285714285,MixedColony,MCF10A+7-20-23_10arednuclei_roi#10_annotation_mixed.csv,MCF10A,field11_colony,mixed,200,0.0,30,100
7-20-23_10arednuclei_ROI#13_or14_both_colonies_annotation_mixed.csv,0.6108979987983547,0.13949579831932774,MixedColony,MCF10A+7-20-23_10arednuclei_roi#13_or14_both_colonies_annotation_mixed.csv,MCF10A,field14_two_colony,mixed,596,0.0,30,100
purecolony3_sytox_based.csv,0.09359382099045888,0.20707070707070707,MixedColony,MCF10A+purecolony3_sytox_based.csv,MCF10A,pure_colony_3,Necrosis,818,0.0,30,100
purecolony_sytox_based.csv,0.19746497665110074,0.16701902748414377,MixedColony,MCF10A+purecolony_sytox_based.csv,MCF10A,pure_colony_1,Necrosis,930,0.0,30,100
purecolony2_sytox_based.csv,0.1209223847019123,0.19907407407407407,MixedColony,MCF10A+purecolony2_sytox_based.csv,MCF10A,pure_colony_2,Necrosis,975,0.0,30,100
mixcolony1.csv,0.2878280290340592,0.13649851632047477,MixedColony,MCF10A+mixcolony1.csv,MCF10A,mix_colony_1,mixed,337,0.0,30,100
mixcolony2_field13.csv,0.3689986282578875,0.1285444234404537,MixedColony,MCF10A+mixcolony2_field13.csv,MCF10A,mix_colony_2,mixed,529,0.0,30,100
mixcolony3.csv,0.1143796820756441,0.14903846153846154,MixedColony,MCF10A+mixcolony3.csv,MCF10A,mix_colony_3,mixed,208,0.0,30,100
20181227_MCF10A_SKT_xy1.csv,0.15895372233400407,0.3575757575757576,MixedColony,MCF10A+TRAIL,MCF10A,skt_1,Apoptosis,165,0.0,30,100
20181227_MCF10A_SKT_xy2.csv,0.1701244813278008,0.44285714285714284,MixedColony,MCF10A+TRAIL,MCF10A,skt_2,Apoptosis,140,0.0,30,100
20181227_MCF10A_SKT_xy3.csv,0.09634551495016613,0.42105263157894735,MixedColony,MCF10A+TRAIL,MCF10A,skt_3,Apoptosis,209,0.0,30,100
20181227_MCF10A_SKT_xy4.csv,0.19601328903654486,0.4105263157894737,MixedColony,MCF10A+TRAIL,MCF10A,skt_4,Apoptosis,190,0.0,30,100
20181227_MCF10A_SKT_xy5.csv,0.09652509652509662,0.4625,MixedColony,MCF10A+TRAIL,MCF10A,skt_5,Apoptosis,160,0.002,30,100
3-11-23_10ah2bmch_ml+zvad_fullmedia_puredeath1_sytox_based.csv,0.16544454628780939,0.19374247894103488,MixedColony,MCF10A+3-11-23_10ah2bmch_ml+zvad_fullmedia_puredeath1_sytox_based.csv,MCF10A,pure_death_1,Necrosis,831,0.0,30,100
3-11-23_10ah2bmch_ml+zvad_fullmedia_puredeath2_sytox_based.csv,0.2515469464622006,0.1777434312210201,MixedColony,MCF10A+3-11-23_10ah2bmch_ml+zvad_fullmedia_puredeath2_sytox_based.csv,MCF10A,pure_death_2,Necrosis,647,0.0,30,100
3-11-23_10ah2bmch_ml+zvad_fullmedia_puredeath3_sytox_based.csv,-0.09219858156028372,0.21739130434782608,MixedColony,MCF10A+3-11-23_10ah2bmch_ml+zvad_fullmedia_puredeath3_sytox_based.csv,MCF10A,pure_death_3,Necrosis,22,0.18,30,100
field13_crop-001_ROI#1_annotation_apop.csv,0.053156146179401995,0.17721518987341772,ApoptosisInColonies,MCF10A+field13_crop-001_roi#1_annotation_apop.csv,MCF10A,field13_colony,Apoptosis,237,0.0,60,100
field13_crop-001_ROI#1_annotation_nec.csv,0.23888404533565818,0.19741100323624594,NecrosisInColonies,MCF10A+field13_crop-001_roi#1_annotation_nec.csv,MCF10A,field13_colony,Necrosis,309,0.0,60,100
Field14-002_ROI#1_annotation_apop.csv,0.16209476309226928,0.165374677002584,ApoptosisInColonies,MCF10A+field14-002_roi#1_annotation_apop.csv,MCF10A,field14_colony,Apoptosis,387,0.0,60,100
Field14-002_ROI#1_annotation_nec.csv,0.19830028328611893,0.18875502008032127,NecrosisInColonies,MCF10A+field14-002_roi#1_annotation_nec.csv,MCF10A,field14_colony,Necrosis,249,0.0,60,100
7-20-23_10arednuclei_ROI#10_annotation_apop.csv,0.018413597733711033,0.19148936170212766,ApoptosisInColonies,MCF10A+7-20-23_10arednuclei_roi#10_annotation_apop.csv,MCF10A,field11_colony,Apoptosis,47,0.036,60,100
7-20-23_10arednuclei_ROI#10_annotation_nec.csv,0.31313131313131315,0.20422535211267606,NecrosisInColonies,MCF10A+7-20-23_10arednuclei_roi#10_annotation_nec.csv,MCF10A,field11_colony,Necrosis,142,0.0,60,100
7-20-23_10arednuclei_ROI#13_or14_both_colonies_annotation_apop.csv,0.2483617300131062,0.16129032258064516,ApoptosisInColonies,MCF10A+7-20-23_10arednuclei_roi#13_or14_both_colonies_annotation_apop.csv,MCF10A,field14_two_colony,Apoptosis,248,0.0,60,100
7-20-23_10arednuclei_ROI#13_or14_both_colonies_annotation_nec.csv,0.5502008032128514,0.1930835734870317,NecrosisInColonies,MCF10A+7-20-23_10arednuclei_roi#13_or14_both_colonies_annotation_nec.csv,MCF10A,field14_two_colony,Necrosis,348,0.0,60,100
field13_crop-001_ROI#1_annotation_mixed.csv,0.32557273235239337,0.17582417582417584,MixedColony,MCF10A+field13_crop-001_roi#1_annotation_mixed.csv,MCF10A,field13_colony,mixed,546,0.0,60,100
Field14-002_ROI#1_annotation_mixed.csv,0.33296876898772637,0.1674491392801252,MixedColony,MCF10A+field14-002_roi#1_annotation_mixed.csv,MCF10A,field14_colony,mixed,641,0.0,60,100
7-20-23_10arednuclei_ROI#10_annotation_mixed.csv,0.2589696412143514,0.15873015873015872,MixedColony,MCF10A+7-20-23_10arednuclei_roi#10_annotation_mixed.csv,MCF10A,field11_colony,mixed,200,0.0,60,100
7-20-23_10arednuclei_ROI#13_or14_both_colonies_annotation_mixed.csv,0.6095290756612294,0.17478991596638654,MixedColony,MCF10A+7-20-23_10arednuclei_roi#13_or14_both_colonies_annotation_mixed.csv,MCF10A,field14_two_colony,mixed,596,0.0,60,100
purecolony3_sytox_based.csv,0.06629318394024276,0.21843434343434343,MixedColony,MCF10A+purecolony3_sytox_based.csv,MCF10A,pure_colony_3,Necrosis,818,0.0,60,100
purecolony_sytox_based.csv,0.20197679415556516,0.20190274841437633,MixedColony,MCF10A+purecolony_sytox_based.csv,MCF10A,pure_colony_1,Necrosis,930,0.0,60,100
purecolony2_sytox_based.csv,0.09576682859125613,0.2324074074074074,MixedColony,MCF10A+purecolony2_sytox_based.csv,MCF10A,pure_colony_2,Necrosis,975,0.0,60,100
mixcolony1.csv,0.2781954887218045,0.1661721068249258,MixedColony,MCF10A+mixcolony1.csv,MCF10A,mix_colony_1,mixed,337,0.0,60,100
mixcolony2_field13.csv,0.3670886075949367,0.1720226843100189,MixedColony,MCF10A+mixcolony2_field13.csv,MCF10A,mix_colony_2,mixed,529,0.0,60,100
mixcolony3.csv,0.11070780399274045,0.15865384615384615,MixedColony,MCF10A+mixcolony3.csv,MCF10A,mix_colony_3,mixed,208,0.0,60,100
20181227_MCF10A_SKT_xy1.csv,0.16455696202531644,0.3878787878787879,MixedColony,MCF10A+TRAIL,MCF10A,skt_1,Apoptosis,165,0.0,60,100
20181227_MCF10A_SKT_xy2.csv,0.07758620689655181,0.44285714285714284,MixedColony,MCF10A+TRAIL,MCF10A,skt_2,Apoptosis,140,0.005,60,100
20181227_MCF10A_SKT_xy3.csv,-0.007194244604316568,0.44019138755980863,MixedColony,MCF10A+TRAIL,MCF10A,skt_3,Apoptosis,209,0.055,60,100
20181227_MCF10A_SKT_xy4.csv,0.14285714285714288,0.43157894736842106,MixedColony,MCF10A+TRAIL,MCF10A,skt_4,Apoptosis,190,0.0,60,100
20181227_MCF10A_SKT_xy5.csv,0.11111111111111113,0.475,MixedColony,MCF10A+TRAIL,MCF10A,skt_5,Apoptosis,160,0.003,60,100
3-11-23_10ah2bmch_ml+zvad_fullmedia_puredeath1_sytox_based.csv,0.16533957845433256,0.21780986762936222,MixedColony,MCF10A+3-11-23_10ah2bmch_ml+zvad_fullmedia_puredeath1_sytox_based.csv,MCF10A,pure_death_1,Necrosis,831,0.0,60,100
3-11-23_10ah2bmch_ml+zvad_fullmedia_puredeath2_sytox_based.csv,0.2521834061135371,0.19783616692426584,MixedColony,MCF10A+3-11-23_10ah2bmch_ml+zvad_fullmedia_puredeath2_sytox_based.csv,MCF10A,pure_death_2,Necrosis,647,0.0,60,100
3-11-23_10ah2bmch_ml+zvad_fullmedia_puredeath3_sytox_based.csv,-0.10666666666666676,0.21739130434782608,MixedColony,MCF10A+3-11-23_10ah2bmch_ml+zvad_fullmedia_puredeath3_sytox_based.csv,MCF10A,pure_death_3,Necrosis,22,0.182,60,100
field13_crop-001_ROI#1_annotation_apop.csv,0.04846756949394157,0.19831223628691982,ApoptosisInColonies,MCF10A+field13_crop-001_roi#1_annotation_apop.csv,MCF10A,field13_colony,Apoptosis,237,0.001,90,100
field13_crop-001_ROI#1_annotation_nec.csv,0.2242503259452412,0.22653721682847897,NecrosisInColonies,MCF10A+field13_crop-001_roi#1_annotation_nec.csv,MCF10A,field13_colony,Necrosis,309,0.0,90,100
Field14-002_ROI#1_annotation_apop.csv,0.15258040388930438,0.18087855297157623,ApoptosisInColonies,MCF10A+field14-002_roi#1_annotation_apop.csv,MCF10A,field14_colony,Apoptosis,387,0.0,90,100
Field14-002_ROI#1_annotation_nec.csv,0.17231638418079093,0.21686746987951808,NecrosisInColonies,MCF10A+field14-002_roi#1_annotation_nec.csv,MCF10A,field14_colony,Necrosis,249,0.0,90,100
7-20-23_10arednuclei_ROI#10_annotation_apop.csv,0.026970954356846526,0.19148936170212766,ApoptosisInColonies,MCF10A+7-20-23_10arednuclei_roi#10_annotation_apop.csv,MCF10A,field11_colony,Apoptosis,47,0.038,90,100
7-20-23_10arednuclei_ROI#10_annotation_nec.csv,0.3085553997194951,0.20422535211267606,NecrosisInColonies,MCF10A+7-20-23_10arednuclei_roi#10_annotation_nec.csv,MCF10A,field11_colony,Necrosis,142,0.0,90,100
7-20-23_10arednuclei_ROI#13_or14_both_colonies_annotation_apop.csv,0.24592346089850242,0.16129032258064516,ApoptosisInColonies,MCF10A+7-20-23_10arednuclei_roi#13_or14_both_colonies_annotation_apop.csv,MCF10A,field14_two_colony,Apoptosis,248,0.0,90,100
7-20-23_10arednuclei_ROI#13_or14_both_colonies_annotation_nec.csv,0.5500495540138752,0.21037463976945245,NecrosisInColonies,MCF10A+7-20-23_10arednuclei_roi#13_or14_both_colonies_annotation_nec.csv,MCF10A,field14_two_colony,Necrosis,348,0.0,90,100
field13_crop-001_ROI#1_annotation_mixed.csv,0.3260022271714922,0.1978021978021978,MixedColony,MCF10A+field13_crop-001_roi#1_annotation_mixed.csv,MCF10A,field13_colony,mixed,546,0.0,90,100
Field14-002_ROI#1_annotation_mixed.csv,0.32857142857142857,0.17996870109546165,MixedColony,MCF10A+field14-002_roi#1_annotation_mixed.csv,MCF10A,field14_colony,mixed,641,0.0,90,100
7-20-23_10arednuclei_ROI#10_annotation_mixed.csv,0.24999999999999997,0.1693121693121693,MixedColony,MCF10A+7-20-23_10arednuclei_roi#10_annotation_mixed.csv,MCF10A,field11_colony,mixed,200,0.0,90,100
7-20-23_10arednuclei_ROI#13_or14_both_colonies_annotation_mixed.csv,0.6090769873311986,0.17983193277310924,MixedColony,MCF10A+7-20-23_10arednuclei_roi#13_or14_both_colonies_annotation_mixed.csv,MCF10A,field14_two_colony,mixed,596,0.0,90,100
purecolony3_sytox_based.csv,0.007936507936507945,0.2297979797979798,MixedColony,MCF10A+purecolony3_sytox_based.csv,MCF10A,pure_colony_3,Necrosis,818,0.02,90,100
purecolony_sytox_based.csv,0.13886847905951508,0.21987315010570824,MixedColony,MCF10A+purecolony_sytox_based.csv,MCF10A,pure_colony_1,Necrosis,930,0.0,90,100
purecolony2_sytox_based.csv,0.005540166204986138,0.2462962962962963,MixedColony,MCF10A+purecolony2_sytox_based.csv,MCF10A,pure_colony_2,Necrosis,975,0.028,90,100
mixcolony1.csv,0.28295549958018473,0.19881305637982197,MixedColony,MCF10A+mixcolony1.csv,MCF10A,mix_colony_1,mixed,337,0.0,90,100
mixcolony2_field13.csv,0.3747256193164001,0.18714555765595464,MixedColony,MCF10A+mixcolony2_field13.csv,MCF10A,mix_colony_2,mixed,529,0.0,90,100
mixcolony3.csv,0.11672095548317037,0.16826923076923078,MixedColony,MCF10A+mixcolony3.csv,MCF10A,mix_colony_3,mixed,208,0.0,90,100
20181227_MCF10A_SKT_xy1.csv,0.15827338129496404,0.38181818181818183,MixedColony,MCF10A+TRAIL,MCF10A,skt_1,Apoptosis,165,0.0,90,100
20181227_MCF10A_SKT_xy2.csv,0.3174603174603175,0.4785714285714286,MixedColony,MCF10A+TRAIL,MCF10A,skt_2,Apoptosis,140,0.0,90,100
20181227_MCF10A_SKT_xy3.csv,0.0,0.4688995215311005,MixedColony,MCF10A+TRAIL,MCF10A,skt_3,Apoptosis,209,0.05,90,100
20181227_MCF10A_SKT_xy4.csv,0.24742268041237114,0.4368421052631579,MixedColony,MCF10A+TRAIL,MCF10A,skt_4,Apoptosis,190,0.0,90,100
20181227_MCF10A_SKT_xy5.csv,0.025974025974026087,0.475,MixedColony,MCF10A+TRAIL,MCF10A,skt_5,Apoptosis,160,0.023,90,100
3-11-23_10ah2bmch_ml+zvad_fullmedia_puredeath1_sytox_based.csv,0.15835411471321692,0.2286401925391095,MixedColony,MCF10A+3-11-23_10ah2bmch_ml+zvad_fullmedia_puredeath1_sytox_based.csv,MCF10A,pure_death_1,Necrosis,831,0.0,90,100
3-11-23_10ah2bmch_ml+zvad_fullmedia_puredeath2_sytox_based.csv,0.21406003159557668,0.2071097372488408,MixedColony,MCF10A+3-11-23_10ah2bmch_ml+zvad_fullmedia_puredeath2_sytox_based.csv,MCF10A,pure_death_2,Necrosis,647,0.0,90,100
3-11-23_10ah2bmch_ml+zvad_fullmedia_puredeath3_sytox_based.csv,-0.0392156862745099,0.21739130434782608,MixedColony,MCF10A+3-11-23_10ah2bmch_ml+zvad_fullmedia_puredeath3_sytox_based.csv,MCF10A,pure_death_3,Necrosis,22,0.08,90,100
field13_crop-001_ROI#1_annotation_apop.csv,0.046692607003891114,0.20253164556962025,ApoptosisInColonies,MCF10A+field13_crop-001_roi#1_annotation_apop.csv,MCF10A,field13_colony,Apoptosis,237,0.001,120,100
field13_crop-001_ROI#1_annotation_nec.csv,0.2878048780487806,0.255663430420712,NecrosisInColonies,MCF10A+field13_crop-001_roi#1_annotation_nec.csv,MCF10A,field13_colony,Necrosis,309,0.0,120,100
Field14-002_ROI#1_annotation_apop.csv,0.16930693069306924,0.19121447028423771,ApoptosisInColonies,MCF10A+field14-002_roi#1_annotation_apop.csv,MCF10A,field14_colony,Apoptosis,387,0.0,120,100
Field14-002_ROI#1_annotation_nec.csv,0.22784810126582283,0.2289156626506024,NecrosisInColonies,MCF10A+field14-002_roi#1_annotation_nec.csv,MCF10A,field14_colony,Necrosis,249,0.0,120,100
7-20-23_10arednuclei_ROI#10_annotation_apop.csv,0.03314917127071818,0.2127659574468085,ApoptosisInColonies,MCF10A+7-20-23_10arednuclei_roi#10_annotation_apop.csv,MCF10A,field11_colony,Apoptosis,47,0.025,120,100
7-20-23_10arednuclei_ROI#10_annotation_nec.csv,0.283363802559415,0.2323943661971831,NecrosisInColonies,MCF10A+7-20-23_10arednuclei_roi#10_annotation_nec.csv,MCF10A,field11_colony,Necrosis,142,0.0,120,100
7-20-23_10arednuclei_ROI#13_or14_both_colonies_annotation_apop.csv,0.24865107913669077,0.17338709677419356,ApoptosisInColonies,MCF10A+7-20-23_10arednuclei_roi#13_or14_both_colonies_annotation_apop.csv,MCF10A,field14_two_colony,Apoptosis,248,0.0,120,100
7-20-23_10arednuclei_ROI#13_or14_both_colonies_annotation_nec.csv,0.5161290322580645,0.2276657060518732,NecrosisInColonies,MCF10A+7-20-23_10arednuclei_roi#13_or14_both_colonies_annotation_nec.csv,MCF10A,field14_two_colony,Necrosis,348,0.0,120,100
field13_crop-001_ROI#1_annotation_mixed.csv,0.3473491773308958,0.2032967032967033,MixedColony,MCF10A+field13_crop-001_roi#1_annotation_mixed.csv,MCF10A,field13_colony,mixed,546,0.0,120,100
Field14-002_ROI#1_annotation_mixed.csv,0.33672974284327994,0.18935837245696402,MixedColony,MCF10A+field14-002_roi#1_annotation_mixed.csv,MCF10A,field14_colony,mixed,641,0.0,120,100
7-20-23_10arednuclei_ROI#10_annotation_mixed.csv,0.24633699633699635,0.18518518518518517,MixedColony,MCF10A+7-20-23_10arednuclei_roi#10_annotation_mixed.csv,MCF10A,field11_colony,mixed,200,0.0,120,100
7-20-23_10arednuclei_ROI#13_or14_both_colonies_annotation_mixed.csv,0.6103390772651474,0.20168067226890757,MixedColony,MCF10A+7-20-23_10arednuclei_roi#13_or14_both_colonies_annotation_mixed.csv,MCF10A,field14_two_colony,mixed,596,0.0,120,100
purecolony3_sytox_based.csv,0.1143552311435523,0.2297979797979798,MixedColony,MCF10A+purecolony3_sytox_based.csv,MCF10A,pure_colony_3,Necrosis,818,0.0,120,100
purecolony_sytox_based.csv,0.2382075471698113,0.22093023255813954,MixedColony,MCF10A+purecolony_sytox_based.csv,MCF10A,pure_colony_1,Necrosis,930,0.0,120,100
purecolony2_sytox_based.csv,0.14488017429193903,0.23055555555555557,MixedColony,MCF10A+purecolony2_sytox_based.csv,MCF10A,pure_colony_2,Necrosis,975,0.0,120,100
mixcolony1.csv,0.29321663019693656,0.21068249258160238,MixedColony,MCF10A+mixcolony1.csv,MCF10A,mix_colony_1,mixed,337,0.0,120,100
mixcolony2_field13.csv,0.36142001710863986,0.2003780718336484,MixedColony,MCF10A+mixcolony2_field13.csv,MCF10A,mix_colony_2,mixed,529,0.0,120,100
mixcolony3.csv,0.11579699785561123,0.16826923076923078,MixedColony,MCF10A+mixcolony3.csv,MCF10A,mix_colony_3,mixed,208,0.0,120,100
20181227_MCF10A_SKT_xy1.csv,0.23469387755102036,0.40606060606060607,MixedColony,MCF10A+TRAIL,MCF10A,skt_1,Apoptosis,165,0.0,120,100
20181227_MCF10A_SKT_xy2.csv,0.0,0.4785714285714286,MixedColony,MCF10A+TRAIL,MCF10A,skt_2,Apoptosis,140,0.04,120,100
20181227_MCF10A_SKT_xy3.csv,-0.3333333333333334,0.48325358851674644,MixedColony,MCF10A+TRAIL,MCF10A,skt_3,Apoptosis,209,0.516,120,100
20181227_MCF10A_SKT_xy4.csv,0.06060606060606059,0.4789473684210526,MixedColony,MCF10A+TRAIL,MCF10A,skt_4,Apoptosis,190,0.015,120,100
20181227_MCF10A_SKT_xy5.csv,0.19047619047619044,0.4875,MixedColony,MCF10A+TRAIL,MCF10A,skt_5,Apoptosis,160,0.001,120,100
3-11-23_10ah2bmch_ml+zvad_fullmedia_puredeath1_sytox_based.csv,0.23218390804597694,0.2286401925391095,MixedColony,MCF10A+3-11-23_10ah2bmch_ml+zvad_fullmedia_puredeath1_sytox_based.csv,MCF10A,pure_death_1,Necrosis,831,0.0,120,100
3-11-23_10ah2bmch_ml+zvad_fullmedia_puredeath2_sytox_based.csv,0.2773869346733668,0.2132921174652241,MixedColony,MCF10A+3-11-23_10ah2bmch_ml+zvad_fullmedia_puredeath2_sytox_based.csv,MCF10A,pure_death_2,Necrosis,647,0.0,120,100
3-11-23_10ah2bmch_ml+zvad_fullmedia_puredeath3_sytox_based.csv,-0.18518518518518515,0.30434782608695654,MixedColony,MCF10A+3-11-23_10ah2bmch_ml+zvad_fullmedia_puredeath3_sytox_based.csv,MCF10A,pure_death_3,Necrosis,22,0.195,120,100
field13_crop-001_ROI#1_annotation_apop.csv,0.04891388075797264,0.14345991561181434,ApoptosisInColonies,MCF10A+field13_crop-001_roi#1_annotation_apop.csv,MCF10A,field13_colony,Apoptosis,237,0.0,5,150
field13_crop-001_ROI#1_annotation_nec.csv,0.26080203332391977,0.10355987055016182,NecrosisInColonies,MCF10A+field13_crop-001_roi#1_annotation_nec.csv,MCF10A,field13_colony,Necrosis,309,0.0,5,150
Field14-002_ROI#1_annotation_apop.csv,0.16387329509758214,0.1421188630490956,ApoptosisInColonies,MCF10A+field14-002_roi#1_annotation_apop.csv,MCF10A,field14_colony,Apoptosis,387,0.0,5,150
Field14-002_ROI#1_annotation_nec.csv,0.1732437289989841,0.11646586345381527,NecrosisInColonies,MCF10A+field14-002_roi#1_annotation_nec.csv,MCF10A,field14_colony,Necrosis,249,0.0,5,150
7-20-23_10arednuclei_ROI#10_annotation_apop.csv,0.09052542730533866,0.14893617021276595,ApoptosisInColonies,MCF10A+7-20-23_10arednuclei_roi#10_annotation_apop.csv,MCF10A,field11_colony,Apoptosis,47,0.002,5,150
7-20-23_10arednuclei_ROI#10_annotation_nec.csv,0.3177332535885167,0.14084507042253522,NecrosisInColonies,MCF10A+7-20-23_10arednuclei_roi#10_annotation_nec.csv,MCF10A,field11_colony,Necrosis,142,0.0,5,150
7-20-23_10arednuclei_ROI#13_or14_both_colonies_annotation_apop.csv,0.2525412731598299,0.13306451612903225,ApoptosisInColonies,MCF10A+7-20-23_10arednuclei_roi#13_or14_both_colonies_annotation_apop.csv,MCF10A,field14_two_colony,Apoptosis,248,0.0,5,150
7-20-23_10arednuclei_ROI#13_or14_both_colonies_annotation_nec.csv,0.5367853290183386,0.0893371757925072,NecrosisInColonies,MCF10A+7-20-23_10arednuclei_roi#13_or14_both_colonies_annotation_nec.csv,MCF10A,field14_two_colony,Necrosis,348,0.0,5,150
field13_crop-001_ROI#1_annotation_mixed.csv,0.329204653589956,0.11355311355311355,MixedColony,MCF10A+field13_crop-001_roi#1_annotation_mixed.csv,MCF10A,field13_colony,mixed,546,0.0,5,150
Field14-002_ROI#1_annotation_mixed.csv,0.3309282780537041,0.1267605633802817,MixedColony,MCF10A+field14-002_roi#1_annotation_mixed.csv,MCF10A,field14_colony,mixed,641,0.0,5,150
7-20-23_10arednuclei_ROI#10_annotation_mixed.csv,0.26053668890236503,0.12169312169312169,MixedColony,MCF10A+7-20-23_10arednuclei_roi#10_annotation_mixed.csv,MCF10A,field11_colony,mixed,200,0.0,5,150
7-20-23_10arednuclei_ROI#13_or14_both_colonies_annotation_mixed.csv,0.604812883154909,0.1092436974789916,MixedColony,MCF10A+7-20-23_10arednuclei_roi#13_or14_both_colonies_annotation_mixed.csv,MCF10A,field14_two_colony,mixed,596,0.0,5,150
purecolony3_sytox_based.csv,0.07275300778485493,0.14898989898989898,MixedColony,MCF10A+purecolony3_sytox_based.csv,MCF10A,pure_colony_3,Necrosis,818,0.0,5,150
purecolony_sytox_based.csv,0.1916132360527674,0.12790697674418605,MixedColony,MCF10A+purecolony_sytox_based.csv,MCF10A,pure_colony_1,Necrosis,930,0.0,5,150
purecolony2_sytox_based.csv,0.12660903880484822,0.1388888888888889,MixedColony,MCF10A+purecolony2_sytox_based.csv,MCF10A,pure_colony_2,Necrosis,975,0.0,5,150
mixcolony1.csv,0.2785253204836804,0.10385756676557864,MixedColony,MCF10A+mixcolony1.csv,MCF10A,mix_colony_1,mixed,337,0.0,5,150
mixcolony2_field13.csv,0.37279164329781267,0.10207939508506617,MixedColony,MCF10A+mixcolony2_field13.csv,MCF10A,mix_colony_2,mixed,529,0.0,5,150
mixcolony3.csv,0.12058993637941003,0.12980769230769232,MixedColony,MCF10A+mixcolony3.csv,MCF10A,mix_colony_3,mixed,208,0.0,5,150
20181227_MCF10A_SKT_xy1.csv,0.10108548168249652,0.23030303030303031,MixedColony,MCF10A+TRAIL,MCF10A,skt_1,Apoptosis,165,0.0,5,150
20181227_MCF10A_SKT_xy2.csv,0.05396096440872562,0.2785714285714286,MixedColony,MCF10A+TRAIL,MCF10A,skt_2,Apoptosis,140,0.001,5,150
20181227_MCF10A_SKT_xy3.csv,0.10787486515641842,0.3014354066985646,MixedColony,MCF10A+TRAIL,MCF10A,skt_3,Apoptosis,209,0.0,5,150
20181227_MCF10A_SKT_xy4.csv,0.13516260162601634,0.26842105263157895,MixedColony,MCF10A+TRAIL,MCF10A,skt_4,Apoptosis,190,0.0,5,150
20181227_MCF10A_SKT_xy5.csv,0.025316455696202438,0.325,MixedColony,MCF10A+TRAIL,MCF10A,skt_5,Apoptosis,160,0.017,5,150
3-11-23_10ah2bmch_ml+zvad_fullmedia_puredeath1_sytox_based.csv,0.16156922490954106,0.15162454873646208,MixedColony,MCF10A+3-11-23_10ah2bmch_ml+zvad_fullmedia_puredeath1_sytox_based.csv,MCF10A,pure_death_1,Necrosis,831,0.0,5,150
3-11-23_10ah2bmch_ml+zvad_fullmedia_puredeath2_sytox_based.csv,0.25403440326298987,0.13292117465224113,MixedColony,MCF10A+3-11-23_10ah2bmch_ml+zvad_fullmedia_puredeath2_sytox_based.csv,MCF10A,pure_death_2,Necrosis,647,0.0,5,150
3-11-23_10ah2bmch_ml+zvad_fullmedia_puredeath3_sytox_based.csv,-0.10000000000000006,0.17391304347826086,MixedColony,MCF10A+3-11-23_10ah2bmch_ml+zvad_fullmedia_puredeath3_sytox_based.csv,MCF10A,pure_death_3,Necrosis,22,0.181,5,150
field13_crop-001_ROI#1_annotation_apop.csv,0.048357242017584484,0.14767932489451477,ApoptosisInColonies,MCF10A+field13_crop-001_roi#1_annotation_apop.csv,MCF10A,field13_colony,Apoptosis,237,0.0,10,150
field13_crop-001_ROI#1_annotation_nec.csv,0.2600903189387525,0.11650485436893204,NecrosisInColonies,MCF10A+field13_crop-001_roi#1_annotation_nec.csv,MCF10A,field13_colony,Necrosis,309,0.0,10,150
Field14-002_ROI#1_annotation_apop.csv,0.16335388609443455,0.14987080103359174,ApoptosisInColonies,MCF10A+field14-002_roi#1_annotation_apop.csv,MCF10A,field14_colony,Apoptosis,387,0.0,10,150
Field14-002_ROI#1_annotation_nec.csv,0.1704723177979356,0.12449799196787148,NecrosisInColonies,MCF10A+field14-002_roi#1_annotation_nec.csv,MCF10A,field14_colony,Necrosis,249,0.0,10,150
7-20-23_10arednuclei_ROI#10_annotation_apop.csv,0.08082746854339944,0.14893617021276595,ApoptosisInColonies,MCF10A+7-20-23_10arednuclei_roi#10_annotation_apop.csv,MCF10A,field11_colony,Apoptosis,47,0.004,10,150
7-20-23_10arednuclei_ROI#10_annotation_nec.csv,0.31976744186046513,0.14084507042253522,NecrosisInColonies,MCF10A+7-20-23_10arednuclei_roi#10_annotation_nec.csv,MCF10A,field11_colony,Necrosis,142,0.0,10,150
7-20-23_10arednuclei_ROI#13_or14_both_colonies_annotation_apop.csv,0.25471732020271004,0.13306451612903225,ApoptosisInColonies,MCF10A+7-20-23_10arednuclei_roi#13_or14_both_colonies_annotation_apop.csv,MCF10A,field14_two_colony,Apoptosis,248,0.0,10,150
7-20-23_10arednuclei_ROI#13_or14_both_colonies_annotation_nec.csv,0.5362850971922246,0.0893371757925072,NecrosisInColonies,MCF10A+7-20-23_10arednuclei_roi#13_or14_both_colonies_annotation_nec.csv,MCF10A,field14_two_colony,Necrosis,348,0.0,10,150
field13_crop-001_ROI#1_annotation_mixed.csv,0.3272123281350928,0.1227106227106227,MixedColony,MCF10A+field13_crop-001_roi#1_annotation_mixed.csv,MCF10A,field13_colony,mixed,546,0.0,10,150
Field14-002_ROI#1_annotation_mixed.csv,0.32970485242621306,0.13458528951486698,MixedColony,MCF10A+field14-002_roi#1_annotation_mixed.csv,MCF10A,field14_colony,mixed,641,0.0,10,150
7-20-23_10arednuclei_ROI#10_annotation_mixed.csv,0.2608728595241703,0.12169312169312169,MixedColony,MCF10A+7-20-23_10arednuclei_roi#10_annotation_mixed.csv,MCF10A,field11_colony,mixed,200,0.0,10,150
7-20-23_10arednuclei_ROI#13_or14_both_colonies_annotation_mixed.csv,0.6048189096454442,0.1092436974789916,MixedColony,MCF10A+7-20-23_10arednuclei_roi#13_or14_both_colonies_annotation_mixed.csv,MCF10A,field14_two_colony,mixed,596,0.0,10,150
purecolony3_sytox_based.csv,0.0753356890459364,0.1691919191919192,MixedColony,MCF10A+purecolony3_sytox_based.csv,MCF10A,pure_colony_3,Necrosis,818,0.0,10,150
purecolony_sytox_based.csv,0.19065145380934853,0.1331923890063425,MixedColony,MCF10A+purecolony_sytox_based.csv,MCF10A,pure_colony_1,Necrosis,930,0.0,10,150
purecolony2_sytox_based.csv,0.12653943781141289,0.15092592592592594,MixedColony,MCF10A+purecolony2_sytox_based.csv,MCF10A,pure_colony_2,Necrosis,975,0.0,10,150
mixcolony1.csv,0.27793448589626935,0.10385756676557864,MixedColony,MCF10A+mixcolony1.csv,MCF10A,mix_colony_1,mixed,337,0.0,10,150
mixcolony2_field13.csv,0.3731651777894552,0.10207939508506617,MixedColony,MCF10A+mixcolony2_field13.csv,MCF10A,mix_colony_2,mixed,529,0.0,10,150
mixcolony3.csv,0.1199282282803727,0.12980769230769232,MixedColony,MCF10A+mixcolony3.csv,MCF10A,mix_colony_3,mixed,208,0.0,10,150
20181227_MCF10A_SKT_xy1.csv,0.09913597089586167,0.23030303030303031,MixedColony,MCF10A+TRAIL,MCF10A,skt_1,Apoptosis,165,0.001,10,150
20181227_MCF10A_SKT_xy2.csv,0.04919292851652575,0.2785714285714286,MixedColony,MCF10A+TRAIL,MCF10A,skt_2,Apoptosis,140,0.004,10,150
20181227_MCF10A_SKT_xy3.csv,0.10530137981118362,0.3014354066985646,MixedColony,MCF10A+TRAIL,MCF10A,skt_3,Apoptosis,209,0.0,10,150
20181227_MCF10A_SKT_xy4.csv,0.13577732518669383,0.26842105263157895,MixedColony,MCF10A+TRAIL,MCF10A,skt_4,Apoptosis,190,0.0,10,150
20181227_MCF10A_SKT_xy5.csv,0.039664378337147144,0.325,MixedColony,MCF10A+TRAIL,MCF10A,skt_5,Apoptosis,160,0.01,10,150
3-11-23_10ah2bmch_ml+zvad_fullmedia_puredeath1_sytox_based.csv,0.16185811586439122,0.1588447653429603,MixedColony,MCF10A+3-11-23_10ah2bmch_ml+zvad_fullmedia_puredeath1_sytox_based.csv,MCF10A,pure_death_1,Necrosis,831,0.0,10,150
3-11-23_10ah2bmch_ml+zvad_fullmedia_puredeath2_sytox_based.csv,0.25448092280390416,0.14837712519319937,MixedColony,MCF10A+3-11-23_10ah2bmch_ml+zvad_fullmedia_puredeath2_sytox_based.csv,MCF10A,pure_death_2,Necrosis,647,0.0,10,150
3-11-23_10ah2bmch_ml+zvad_fullmedia_puredeath3_sytox_based.csv,-0.10663507109004727,0.17391304347826086,MixedColony,MCF10A+3-11-23_10ah2bmch_ml+zvad_fullmedia_puredeath3_sytox_based.csv,MCF10A,pure_death_3,Necrosis,22,0.198,10,150
field13_crop-001_ROI#1_annotation_apop.csv,0.05078485687903966,0.16877637130801687,ApoptosisInColonies,MCF10A+field13_crop-001_roi#1_annotation_apop.csv,MCF10A,field13_colony,Apoptosis,237,0.0,30,150
field13_crop-001_ROI#1_annotation_nec.csv,0.25602027883396705,0.16181229773462782,NecrosisInColonies,MCF10A+field13_crop-001_roi#1_annotation_nec.csv,MCF10A,field13_colony,Necrosis,309,0.0,30,150
Field14-002_ROI#1_annotation_apop.csv,0.1610190151145783,0.15762273901808785,ApoptosisInColonies,MCF10A+field14-002_roi#1_annotation_apop.csv,MCF10A,field14_colony,Apoptosis,387,0.0,30,150
Field14-002_ROI#1_annotation_nec.csv,0.16900749063670417,0.14056224899598393,NecrosisInColonies,MCF10A+field14-002_roi#1_annotation_nec.csv,MCF10A,field14_colony,Necrosis,249,0.0,30,150
7-20-23_10arednuclei_ROI#10_annotation_apop.csv,0.0944584382871536,0.1702127659574468,ApoptosisInColonies,MCF10A+7-20-23_10arednuclei_roi#10_annotation_apop.csv,MCF10A,field11_colony,Apoptosis,47,0.002,30,150
7-20-23_10arednuclei_ROI#10_annotation_nec.csv,0.3192446043165467,0.1619718309859155,NecrosisInColonies,MCF10A+7-20-23_10arednuclei_roi#10_annotation_nec.csv,MCF10A,field11_colony,Necrosis,142,0.0,30,150
7-20-23_10arednuclei_ROI#13_or14_both_colonies_annotation_apop.csv,0.25190756485720517,0.13709677419354838,ApoptosisInColonies,MCF10A+7-20-23_10arednuclei_roi#13_or14_both_colonies_annotation_apop.csv,MCF10A,field14_two_colony,Apoptosis,248,0.0,30,150
7-20-23_10arednuclei_ROI#13_or14_both_colonies_annotation_nec.csv,0.5396311873180201,0.1440922190201729,NecrosisInColonies,MCF10A+7-20-23_10arednuclei_roi#13_or14_both_colonies_annotation_nec.csv,MCF10A,field14_two_colony,Necrosis,348,0.0,30,150
field13_crop-001_ROI#1_annotation_mixed.csv,0.3254121764760063,0.15384615384615385,MixedColony,MCF10A+field13_crop-001_roi#1_annotation_mixed.csv,MCF10A,field13_colony,mixed,546,0.0,30,150
Field14-002_ROI#1_annotation_mixed.csv,0.32976612757770696,0.14397496087636932,MixedColony,MCF10A+field14-002_roi#1_annotation_mixed.csv,MCF10A,field14_colony,mixed,641,0.0,30,150
7-20-23_10arednuclei_ROI#10_annotation_mixed.csv,0.26038338658146964,0.14285714285714285,MixedColony,MCF10A+7-20-23_10arednuclei_roi#10_annotation_mixed.csv,MCF10A,field11_colony,mixed,200,0.0,30,150
7-20-23_10arednuclei_ROI#13_or14_both_colonies_annotation_mixed.csv,0.6066250688199669,0.13949579831932774,MixedColony,MCF10A+7-20-23_10arednuclei_roi#13_or14_both_colonies_annotation_mixed.csv,MCF10A,field14_two_colony,mixed,596,0.0,30,150
purecolony3_sytox_based.csv,0.07387387387387391,0.20707070707070707,MixedColony,MCF10A+purecolony3_sytox_based.csv,MCF10A,pure_colony_3,Necrosis,818,0.0,30,150
purecolony_sytox_based.csv,0.19344842850818947,0.16701902748414377,MixedColony,MCF10A+purecolony_sytox_based.csv,MCF10A,pure_colony_1,Necrosis,930,0.0,30,150
purecolony2_sytox_based.csv,0.12233445566778897,0.19722222222222222,MixedColony,MCF10A+purecolony2_sytox_based.csv,MCF10A,pure_colony_2,Necrosis,975,0.0,30,150
mixcolony1.csv,0.27600878396925604,0.13649851632047477,MixedColony,MCF10A+mixcolony1.csv,MCF10A,mix_colony_1,mixed,337,0.0,30,150
mixcolony2_field13.csv,0.367557332211235,0.1285444234404537,MixedColony,MCF10A+mixcolony2_field13.csv,MCF10A,mix_colony_2,mixed,529,0.0,30,150
mixcolony3.csv,0.12456747404844293,0.14423076923076922,MixedColony,MCF10A+mixcolony3.csv,MCF10A,mix_colony_3,mixed,208,0.0,30,150
20181227_MCF10A_SKT_xy1.csv,0.09392265193370158,0.24848484848484848,MixedColony,MCF10A+TRAIL,MCF10A,skt_1,Apoptosis,165,0.0,30,150
20181227_MCF10A_SKT_xy2.csv,0.025943396226415134,0.2857142857142857,MixedColony,MCF10A+TRAIL,MCF10A,skt_2,Apoptosis,140,0.016,30,150
20181227_MCF10A_SKT_xy3.csv,0.10989010989010992,0.32057416267942584,MixedColony,MCF10A+TRAIL,MCF10A,skt_3,Apoptosis,209,0.0,30,150
20181227_MCF10A_SKT_xy4.csv,0.11530398322851144,0.2736842105263158,MixedColony,MCF10A+TRAIL,MCF10A,skt_4,Apoptosis,190,0.0,30,150
20181227_MCF10A_SKT_xy5.csv,0.04849884526558894,0.33125,MixedColony,MCF10A+TRAIL,MCF10A,skt_5,Apoptosis,160,0.005,30,150
3-11-23_10ah2bmch_ml+zvad_fullmedia_puredeath1_sytox_based.csv,0.1676168757126568,0.19374247894103488,MixedColony,MCF10A+3-11-23_10ah2bmch_ml+zvad_fullmedia_puredeath1_sytox_based.csv,MCF10A,pure_death_1,Necrosis,831,0.0,30,150
3-11-23_10ah2bmch_ml+zvad_fullmedia_puredeath2_sytox_based.csv,0.25228126677402035,0.1777434312210201,MixedColony,MCF10A+3-11-23_10ah2bmch_ml+zvad_fullmedia_puredeath2_sytox_based.csv,MCF10A,pure_death_2,Necrosis,647,0.0,30,150
3-11-23_10ah2bmch_ml+zvad_fullmedia_puredeath3_sytox_based.csv,-0.10000000000000006,0.21739130434782608,MixedColony,MCF10A+3-11-23_10ah2bmch_ml+zvad_fullmedia_puredeath3_sytox_based.csv,MCF10A,pure_death_3,Necrosis,22,0.186,30,150
field13_crop-001_ROI#1_annotation_apop.csv,0.04750922509225099,0.1729957805907173,ApoptosisInColonies,MCF10A+field13_crop-001_roi#1_annotation_apop.csv,MCF10A,field13_colony,Apoptosis,237,0.0,60,150
field13_crop-001_ROI#1_annotation_nec.csv,0.23797250859106525,0.19741100323624594,NecrosisInColonies,MCF10A+field13_crop-001_roi#1_annotation_nec.csv,MCF10A,field13_colony,Necrosis,309,0.0,60,150
Field14-002_ROI#1_annotation_apop.csv,0.1621555718117533,0.16279069767441862,ApoptosisInColonies,MCF10A+field14-002_roi#1_annotation_apop.csv,MCF10A,field14_colony,Apoptosis,387,0.0,60,150
Field14-002_ROI#1_annotation_nec.csv,0.17140238313473874,0.17670682730923695,NecrosisInColonies,MCF10A+field14-002_roi#1_annotation_nec.csv,MCF10A,field14_colony,Necrosis,249,0.0,60,150
7-20-23_10arednuclei_ROI#10_annotation_apop.csv,0.0870113493064312,0.1702127659574468,ApoptosisInColonies,MCF10A+7-20-23_10arednuclei_roi#10_annotation_apop.csv,MCF10A,field11_colony,Apoptosis,47,0.003,60,150
7-20-23_10arednuclei_ROI#10_annotation_nec.csv,0.30713640469738035,0.19718309859154928,NecrosisInColonies,MCF10A+7-20-23_10arednuclei_roi#10_annotation_nec.csv,MCF10A,field11_colony,Necrosis,142,0.0,60,150
7-20-23_10arednuclei_ROI#13_or14_both_colonies_annotation_apop.csv,0.24913718723037104,0.1532258064516129,ApoptosisInColonies,MCF10A+7-20-23_10arednuclei_roi#13_or14_both_colonies_annotation_apop.csv,MCF10A,field14_two_colony,Apoptosis,248,0.0,60,150
7-20-23_10arednuclei_ROI#13_or14_both_colonies_annotation_nec.csv,0.5395348837209302,0.1930835734870317,NecrosisInColonies,MCF10A+7-20-23_10arednuclei_roi#13_or14_both_colonies_annotation_nec.csv,MCF10A,field14_two_colony,Necrosis,348,0.0,60,150
field13_crop-001_ROI#1_annotation_mixed.csv,0.32429441062534586,0.17399267399267399,MixedColony,MCF10A+field13_crop-001_roi#1_annotation_mixed.csv,MCF10A,field13_colony,mixed,546,0.0,60,150
Field14-002_ROI#1_annotation_mixed.csv,0.3291917973462003,0.16588419405320814,MixedColony,MCF10A+field14-002_roi#1_annotation_mixed.csv,MCF10A,field14_colony,mixed,641,0.0,60,150
7-20-23_10arednuclei_ROI#10_annotation_mixed.csv,0.2614824920418372,0.15873015873015872,MixedColony,MCF10A+7-20-23_10arednuclei_roi#10_annotation_mixed.csv,MCF10A,field11_colony,mixed,200,0.0,60,150
7-20-23_10arednuclei_ROI#13_or14_both_colonies_annotation_mixed.csv,0.6041456479867926,0.173109243697479,MixedColony,MCF10A+7-20-23_10arednuclei_roi#13_or14_both_colonies_annotation_mixed.csv,MCF10A,field14_two_colony,mixed,596,0.0,60,150
purecolony3_sytox_based.csv,0.04629629629629625,0.21717171717171718,MixedColony,MCF10A+purecolony3_sytox_based.csv,MCF10A,pure_colony_3,Necrosis,818,0.0,60,150
purecolony_sytox_based.csv,0.19708654670094256,0.20190274841437633,MixedColony,MCF10A+purecolony_sytox_based.csv,MCF10A,pure_colony_1,Necrosis,930,0.0,60,150
purecolony2_sytox_based.csv,0.09757785467128029,0.2324074074074074,MixedColony,MCF10A+purecolony2_sytox_based.csv,MCF10A,pure_colony_2,Necrosis,975,0.0,60,150
mixcolony1.csv,0.265881708652793,0.1661721068249258,MixedColony,MCF10A+mixcolony1.csv,MCF10A,mix_colony_1,mixed,337,0.0,60,150
mixcolony2_field13.csv,0.36744966442953014,0.17013232514177692,MixedColony,MCF10A+mixcolony2_field13.csv,MCF10A,mix_colony_2,mixed,529,0.0,60,150
mixcolony3.csv,0.1189655172413793,0.15384615384615385,MixedColony,MCF10A+mixcolony3.csv,MCF10A,mix_colony_3,mixed,208,0.0,60,150
20181227_MCF10A_SKT_xy1.csv,0.10144927536231876,0.28484848484848485,MixedColony,MCF10A+TRAIL,MCF10A,skt_1,Apoptosis,165,0.0,60,150
20181227_MCF10A_SKT_xy2.csv,-0.004807692307692277,0.3142857142857143,MixedColony,MCF10A+TRAIL,MCF10A,skt_2,Apoptosis,140,0.058,60,150
20181227_MCF10A_SKT_xy3.csv,0.06132075471698111,0.3492822966507177,MixedColony,MCF10A+TRAIL,MCF10A,skt_3,Apoptosis,209,0.002,60,150
20181227_MCF10A_SKT_xy4.csv,0.07172995780590719,0.3,MixedColony,MCF10A+TRAIL,MCF10A,skt_4,Apoptosis,190,0.002,60,150
20181227_MCF10A_SKT_xy5.csv,0.04245283018867924,0.34375,MixedColony,MCF10A+TRAIL,MCF10A,skt_5,Apoptosis,160,0.007,60,150
3-11-23_10ah2bmch_ml+zvad_fullmedia_puredeath1_sytox_based.csv,0.16728797763280526,0.21660649819494585,MixedColony,MCF10A+3-11-23_10ah2bmch_ml+zvad_fullmedia_puredeath1_sytox_based.csv,MCF10A,pure_death_1,Necrosis,831,0.0,60,150
3-11-23_10ah2bmch_ml+zvad_fullmedia_puredeath2_sytox_based.csv,0.25394235997824904,0.19783616692426584,MixedColony,MCF10A+3-11-23_10ah2bmch_ml+zvad_fullmedia_puredeath2_sytox_based.csv,MCF10A,pure_death_2,Necrosis,647,0.0,60,150
3-11-23_10ah2bmch_ml+zvad_fullmedia_puredeath3_sytox_based.csv,-0.12162162162162155,0.21739130434782608,MixedColony,MCF10A+3-11-23_10ah2bmch_ml+zvad_fullmedia_puredeath3_sytox_based.csv,MCF10A,pure_death_3,Necrosis,22,0.201,60,150
field13_crop-001_ROI#1_annotation_apop.csv,0.03763066202090585,0.1940928270042194,ApoptosisInColonies,MCF10A+field13_crop-001_roi#1_annotation_apop.csv,MCF10A,field13_colony,Apoptosis,237,0.0,90,150
field13_crop-001_ROI#1_annotation_nec.csv,0.2210796915167095,0.22653721682847897,NecrosisInColonies,MCF10A+field13_crop-001_roi#1_annotation_nec.csv,MCF10A,field13_colony,Necrosis,309,0.0,90,150
Field14-002_ROI#1_annotation_apop.csv,0.15210237659963438,0.18087855297157623,ApoptosisInColonies,MCF10A+field14-002_roi#1_annotation_apop.csv,MCF10A,field14_colony,Apoptosis,387,0.0,90,150
Field14-002_ROI#1_annotation_nec.csv,0.1493150684931507,0.20883534136546184,NecrosisInColonies,MCF10A+field14-002_roi#1_annotation_nec.csv,MCF10A,field14_colony,Necrosis,249,0.0,90,150
7-20-23_10arednuclei_ROI#10_annotation_apop.csv,0.07909604519774015,0.1702127659574468,ApoptosisInColonies,MCF10A+7-20-23_10arednuclei_roi#10_annotation_apop.csv,MCF10A,field11_colony,Apoptosis,47,0.006,90,150
7-20-23_10arednuclei_ROI#10_annotation_nec.csv,0.3016528925619834,0.19718309859154928,NecrosisInColonies,MCF10A+7-20-23_10arednuclei_roi#10_annotation_nec.csv,MCF10A,field11_colony,Necrosis,142,0.0,90,150
7-20-23_10arednuclei_ROI#13_or14_both_colonies_annotation_apop.csv,0.2520404831864186,0.1532258064516129,ApoptosisInColonies,MCF10A+7-20-23_10arednuclei_roi#13_or14_both_colonies_annotation_apop.csv,MCF10A,field14_two_colony,Apoptosis,248,0.0,90,150
7-20-23_10arednuclei_ROI#13_or14_both_colonies_annotation_nec.csv,0.5378564405113078,0.21037463976945245,NecrosisInColonies,MCF10A+7-20-23_10arednuclei_roi#13_or14_both_colonies_annotation_nec.csv,MCF10A,field14_two_colony,Necrosis,348,0.0,90,150
field13_crop-001_ROI#1_annotation_mixed.csv,0.3224557522123894,0.19597069597069597,MixedColony,MCF10A+field13_crop-001_roi#1_annotation_mixed.csv,MCF10A,field13_colony,mixed,546,0.0,90,150
Field14-002_ROI#1_annotation_mixed.csv,0.3247801902027633,0.17996870109546165,MixedColony,MCF10A+field14-002_roi#1_annotation_mixed.csv,MCF10A,field14_colony,mixed,641,0.0,90,150
7-20-23_10arednuclei_ROI#10_annotation_mixed.csv,0.25051475634866166,0.1693121693121693,MixedColony,MCF10A+7-20-23_10arednuclei_roi#10_annotation_mixed.csv,MCF10A,field11_colony,mixed,200,0.0,90,150
7-20-23_10arednuclei_ROI#13_or14_both_colonies_annotation_mixed.csv,0.603519955654102,0.17983193277310924,MixedColony,MCF10A+7-20-23_10arednuclei_roi#13_or14_both_colonies_annotation_mixed.csv,MCF10A,field14_two_colony,mixed,596,0.0,90,150
purecolony3_sytox_based.csv,-0.014473684210526316,0.22853535353535354,MixedColony,MCF10A+purecolony3_sytox_based.csv,MCF10A,pure_colony_3,Necrosis,818,0.141,90,150
purecolony_sytox_based.csv,0.13742690058479537,0.21987315010570824,MixedColony,MCF10A+purecolony_sytox_based.csv,MCF10A,pure_colony_1,Necrosis,930,0.0,90,150
purecolony2_sytox_based.csv,0.006906077348066395,0.2462962962962963,MixedColony,MCF10A+purecolony2_sytox_based.csv,MCF10A,pure_colony_2,Necrosis,975,0.023,90,150
mixcolony1.csv,0.27115146512587707,0.19881305637982197,MixedColony,MCF10A+mixcolony1.csv,MCF10A,mix_colony_1,mixed,337,0.0,90,150
mixcolony2_field13.csv,0.3727329580988118,0.18714555765595464,MixedColony,MCF10A+mixcolony2_field13.csv,MCF10A,mix_colony_2,mixed,529,0.0,90,150
mixcolony3.csv,0.12435500515995881,0.16826923076923078,MixedColony,MCF10A+mixcolony3.csv,MCF10A,mix_colony_3,mixed,208,0.0,90,150
20181227_MCF10A_SKT_xy1.csv,0.059113300492610855,0.2909090909090909,MixedColony,MCF10A+TRAIL,MCF10A,skt_1,Apoptosis,165,0.003,90,150
20181227_MCF10A_SKT_xy2.csv,0.12280701754385971,0.35,MixedColony,MCF10A+TRAIL,MCF10A,skt_2,Apoptosis,140,0.001,90,150
20181227_MCF10A_SKT_xy3.csv,0.024000000000000053,0.37320574162679426,MixedColony,MCF10A+TRAIL,MCF10A,skt_3,Apoptosis,209,0.023,90,150
20181227_MCF10A_SKT_xy4.csv,0.15384615384615385,0.3,MixedColony,MCF10A+TRAIL,MCF10A,skt_4,Apoptosis,190,0.0,90,150
20181227_MCF10A_SKT_xy5.csv,-0.0155038759689923,0.375,MixedColony,MCF10A+TRAIL,MCF10A,skt_5,Apoptosis,160,0.068,90,150
3-11-23_10ah2bmch_ml+zvad_fullmedia_puredeath1_sytox_based.csv,0.1580584940883633,0.2286401925391095,MixedColony,MCF10A+3-11-23_10ah2bmch_ml+zvad_fullmedia_puredeath1_sytox_based.csv,MCF10A,pure_death_1,Necrosis,831,0.0,90,150
3-11-23_10ah2bmch_ml+zvad_fullmedia_puredeath2_sytox_based.csv,0.21434200157604405,0.2071097372488408,MixedColony,MCF10A+3-11-23_10ah2bmch_ml+zvad_fullmedia_puredeath2_sytox_based.csv,MCF10A,pure_death_2,Necrosis,647,0.0,90,150
3-11-23_10ah2bmch_ml+zvad_fullmedia_puredeath3_sytox_based.csv,-0.060000000000000143,0.21739130434782608,MixedColony,MCF10A+3-11-23_10ah2bmch_ml+zvad_fullmedia_puredeath3_sytox_based.csv,MCF10A,pure_death_3,Necrosis,22,0.091,90,150
field13_crop-001_ROI#1_annotation_apop.csv,0.041706161137440724,0.19831223628691982,ApoptosisInColonies,MCF10A+field13_crop-001_roi#1_annotation_apop.csv,MCF10A,field13_colony,Apoptosis,237,0.003,120,150
field13_crop-001_ROI#1_annotation_nec.csv,0.288,0.2524271844660194,NecrosisInColonies,MCF10A+field13_crop-001_roi#1_annotation_nec.csv,MCF10A,field13_colony,Necrosis,309,0.0,120,150
Field14-002_ROI#1_annotation_apop.csv,0.16965584100824035,0.18863049095607234,ApoptosisInColonies,MCF10A+field14-002_roi#1_annotation_apop.csv,MCF10A,field14_colony,Apoptosis,387,0.0,120,150
Field14-002_ROI#1_annotation_nec.csv,0.19400352733686071,0.22088353413654618,NecrosisInColonies,MCF10A+field14-002_roi#1_annotation_nec.csv,MCF10A,field14_colony,Necrosis,249,0.0,120,150
7-20-23_10arednuclei_ROI#10_annotation_apop.csv,0.08270676691729321,0.1702127659574468,ApoptosisInColonies,MCF10A+7-20-23_10arednuclei_roi#10_annotation_apop.csv,MCF10A,field11_colony,Apoptosis,47,0.004,120,150
7-20-23_10arednuclei_ROI#10_annotation_nec.csv,0.2743682310469315,0.22535211267605634,NecrosisInColonies,MCF10A+7-20-23_10arednuclei_roi#10_annotation_nec.csv,MCF10A,field11_colony,Necrosis,142,0.0,120,150
7-20-23_10arednuclei_ROI#13_or14_both_colonies_annotation_apop.csv,0.25176991150442474,0.1693548387096774,ApoptosisInColonies,MCF10A+7-20-23_10arednuclei_roi#13_or14_both_colonies_annotation_apop.csv,MCF10A,field14_two_colony,Apoptosis,248,0.0,120,150
7-20-23_10arednuclei_ROI#13_or14_both_colonies_annotation_nec.csv,0.5076923076923077,0.2276657060518732,NecrosisInColonies,MCF10A+7-20-23_10arednuclei_roi#13_or14_both_colonies_annotation_nec.csv,MCF10A,field14_two_colony,Necrosis,348,0.0,120,150
field13_crop-001_ROI#1_annotation_mixed.csv,0.3444767441860465,0.2032967032967033,MixedColony,MCF10A+field13_crop-001_roi#1_annotation_mixed.csv,MCF10A,field13_colony,mixed,546,0.0,120,150
Field14-002_ROI#1_annotation_mixed.csv,0.3333333333333333,0.18779342723004694,MixedColony,MCF10A+field14-002_roi#1_annotation_mixed.csv,MCF10A,field14_colony,mixed,641,0.0,120,150
7-20-23_10arednuclei_ROI#10_annotation_mixed.csv,0.24682395644283123,0.18518518518518517,MixedColony,MCF10A+7-20-23_10arednuclei_roi#10_annotation_mixed.csv,MCF10A,field11_colony,mixed,200,0.0,120,150
7-20-23_10arednuclei_ROI#13_or14_both_colonies_annotation_mixed.csv,0.6051952837140752,0.2,MixedColony,MCF10A+7-20-23_10arednuclei_roi#13_or14_both_colonies_annotation_mixed.csv,MCF10A,field14_two_colony,mixed,596,0.0,120,150
purecolony3_sytox_based.csv,0.0845410628019323,0.2297979797979798,MixedColony,MCF10A+purecolony3_sytox_based.csv,MCF10A,pure_colony_3,Necrosis,818,0.0,120,150
purecolony_sytox_based.csv,0.2313725490196078,0.21987315010570824,MixedColony,MCF10A+purecolony_sytox_based.csv,MCF10A,pure_colony_1,Necrosis,930,0.0,120,150
purecolony2_sytox_based.csv,0.144880174291939,0.23055555555555557,MixedColony,MCF10A+purecolony2_sytox_based.csv,MCF10A,pure_colony_2,Necrosis,975,0.0,120,150
mixcolony1.csv,0.2838778789501875,0.20771513353115728,MixedColony,MCF10A+mixcolony1.csv,MCF10A,mix_colony_1,mixed,337,0.0,120,150
mixcolony2_field13.csv,0.3601875532821824,0.19848771266540643,MixedColony,MCF10A+mixcolony2_field13.csv,MCF10A,mix_colony_2,mixed,529,0.0,120,150
mixcolony3.csv,0.1226158038147139,0.16346153846153846,MixedColony,MCF10A+mixcolony3.csv,MCF10A,mix_colony_3,mixed,208,0.0,120,150
20181227_MCF10A_SKT_xy1.csv,0.1048951048951049,0.30303030303030304,MixedColony,MCF10A+TRAIL,MCF10A,skt_1,Apoptosis,165,0.002,120,150
20181227_MCF10A_SKT_xy2.csv,-0.15999999999999995,0.34285714285714286,MixedColony,MCF10A+TRAIL,MCF10A,skt_2,Apoptosis,140,0.436,120,150
20181227_MCF10A_SKT_xy3.csv,-0.023255813953488354,0.3875598086124402,MixedColony,MCF10A+TRAIL,MCF10A,skt_3,Apoptosis,209,0.074,120,150
20181227_MCF10A_SKT_xy4.csv,0.07142857142857138,0.33157894736842103,MixedColony,MCF10A+TRAIL,MCF10A,skt_4,Apoptosis,190,0.021,120,150
20181227_MCF10A_SKT_xy5.csv,0.0555555555555556,0.375,MixedColony,MCF10A+TRAIL,MCF10A,skt_5,Apoptosis,160,0.012,120,150
3-11-23_10ah2bmch_ml+zvad_fullmedia_puredeath1_sytox_based.csv,0.23165137614678905,0.2286401925391095,MixedColony,MCF10A+3-11-23_10ah2bmch_ml+zvad_fullmedia_puredeath1_sytox_based.csv,MCF10A,pure_death_1,Necrosis,831,0.0,120,150
3-11-23_10ah2bmch_ml+zvad_fullmedia_puredeath2_sytox_based.csv,0.2799999999999999,0.2132921174652241,MixedColony,MCF10A+3-11-23_10ah2bmch_ml+zvad_fullmedia_puredeath2_sytox_based.csv,MCF10A,pure_death_2,Necrosis,647,0.0,120,150
3-11-23_10ah2bmch_ml+zvad_fullmedia_puredeath3_sytox_based.csv,-0.18518518518518515,0.30434782608695654,MixedColony,MCF10A+3-11-23_10ah2bmch_ml+zvad_fullmedia_puredeath3_sytox_based.csv,MCF10A,pure_death_3,Necrosis,22,0.204,120,150
field13_crop-001_ROI#1_annotation_apop.csv,0.04063360881542692,0.13924050632911392,ApoptosisInColonies,MCF10A+field13_crop-001_roi#1_annotation_apop.csv,MCF10A,field13_colony,Apoptosis,237,0.001,5,200
field13_crop-001_ROI#1_annotation_nec.csv,0.2596234897443102,0.10355987055016182,NecrosisInColonies,MCF10A+field13_crop-001_roi#1_annotation_nec.csv,MCF10A,field13_colony,Necrosis,309,0.0,5,200
Field14-002_ROI#1_annotation_apop.csv,0.16527445099736315,0.13953488372093023,ApoptosisInColonies,MCF10A+field14-002_roi#1_annotation_apop.csv,MCF10A,field14_colony,Apoptosis,387,0.0,5,200
Field14-002_ROI#1_annotation_nec.csv,0.11030490158240057,0.11646586345381527,NecrosisInColonies,MCF10A+field14-002_roi#1_annotation_nec.csv,MCF10A,field14_colony,Necrosis,249,0.0,5,200
7-20-23_10arednuclei_ROI#10_annotation_apop.csv,0.09505862646566167,0.14893617021276595,ApoptosisInColonies,MCF10A+7-20-23_10arednuclei_roi#10_annotation_apop.csv,MCF10A,field11_colony,Apoptosis,47,0.001,5,200
7-20-23_10arednuclei_ROI#10_annotation_nec.csv,0.31786404878774355,0.14084507042253522,NecrosisInColonies,MCF10A+7-20-23_10arednuclei_roi#10_annotation_nec.csv,MCF10A,field11_colony,Necrosis,142,0.0,5,200
7-20-23_10arednuclei_ROI#13_or14_both_colonies_annotation_apop.csv,0.24862803791604307,0.12096774193548387,ApoptosisInColonies,MCF10A+7-20-23_10arednuclei_roi#13_or14_both_colonies_annotation_apop.csv,MCF10A,field14_two_colony,Apoptosis,248,0.0,5,200
7-20-23_10arednuclei_ROI#13_or14_both_colonies_annotation_nec.csv,0.5329540575354229,0.08645533141210375,NecrosisInColonies,MCF10A+7-20-23_10arednuclei_roi#13_or14_both_colonies_annotation_nec.csv,MCF10A,field14_two_colony,Necrosis,348,0.0,5,200
field13_crop-001_ROI#1_annotation_mixed.csv,0.32532375866936725,0.11355311355311355,MixedColony,MCF10A+field13_crop-001_roi#1_annotation_mixed.csv,MCF10A,field13_colony,mixed,546,0.0,5,200
Field14-002_ROI#1_annotation_mixed.csv,0.3298467429129814,0.12519561815336464,MixedColony,MCF10A+field14-002_roi#1_annotation_mixed.csv,MCF10A,field14_colony,mixed,641,0.0,5,200
7-20-23_10arednuclei_ROI#10_annotation_mixed.csv,0.2619909502262443,0.12169312169312169,MixedColony,MCF10A+7-20-23_10arednuclei_roi#10_annotation_mixed.csv,MCF10A,field11_colony,mixed,200,0.0,5,200
7-20-23_10arednuclei_ROI#13_or14_both_colonies_annotation_mixed.csv,0.6017414031515446,0.10756302521008404,MixedColony,MCF10A+7-20-23_10arednuclei_roi#13_or14_both_colonies_annotation_mixed.csv,MCF10A,field14_two_colony,mixed,596,0.0,5,200
purecolony3_sytox_based.csv,0.059985935302390964,0.14898989898989898,MixedColony,MCF10A+purecolony3_sytox_based.csv,MCF10A,pure_colony_3,Necrosis,818,0.0,5,200
purecolony_sytox_based.csv,0.19112103356146845,0.12790697674418605,MixedColony,MCF10A+purecolony_sytox_based.csv,MCF10A,pure_colony_1,Necrosis,930,0.0,5,200
purecolony2_sytox_based.csv,0.12535092644581697,0.13796296296296295,MixedColony,MCF10A+purecolony2_sytox_based.csv,MCF10A,pure_colony_2,Necrosis,975,0.0,5,200
mixcolony1.csv,0.27428186714542185,0.10385756676557864,MixedColony,MCF10A+mixcolony1.csv,MCF10A,mix_colony_1,mixed,337,0.0,5,200
mixcolony2_field13.csv,0.3732694728010068,0.10207939508506617,MixedColony,MCF10A+mixcolony2_field13.csv,MCF10A,mix_colony_2,mixed,529,0.0,5,200
mixcolony3.csv,0.12056331577742167,0.12980769230769232,MixedColony,MCF10A+mixcolony3.csv,MCF10A,mix_colony_3,mixed,208,0.0,5,200
20181227_MCF10A_SKT_xy1.csv,0.09143855562026798,0.19393939393939394,MixedColony,MCF10A+TRAIL,MCF10A,skt_1,Apoptosis,165,0.001,5,200
20181227_MCF10A_SKT_xy2.csv,-0.006523765144454858,0.22857142857142856,MixedColony,MCF10A+TRAIL,MCF10A,skt_2,Apoptosis,140,0.063,5,200
20181227_MCF10A_SKT_xy3.csv,0.07712765957446799,0.2535885167464115,MixedColony,MCF10A+TRAIL,MCF10A,skt_3,Apoptosis,209,0.001,5,200
20181227_MCF10A_SKT_xy4.csv,0.12744265080713674,0.20526315789473684,MixedColony,MCF10A+TRAIL,MCF10A,skt_4,Apoptosis,190,0.0,5,200
20181227_MCF10A_SKT_xy5.csv,0.03127715030408347,0.25625,MixedColony,MCF10A+TRAIL,MCF10A,skt_5,Apoptosis,160,0.011,5,200
3-11-23_10ah2bmch_ml+zvad_fullmedia_puredeath1_sytox_based.csv,0.16160809371671983,0.15042117930204574,MixedColony,MCF10A+3-11-23_10ah2bmch_ml+zvad_fullmedia_puredeath1_sytox_based.csv,MCF10A,pure_death_1,Necrosis,831,0.0,5,200
3-11-23_10ah2bmch_ml+zvad_fullmedia_puredeath2_sytox_based.csv,0.25429127588037514,0.13292117465224113,MixedColony,MCF10A+3-11-23_10ah2bmch_ml+zvad_fullmedia_puredeath2_sytox_based.csv,MCF10A,pure_death_2,Necrosis,647,0.0,5,200
3-11-23_10ah2bmch_ml+zvad_fullmedia_puredeath3_sytox_based.csv,-0.098692033293698,0.17391304347826086,MixedColony,MCF10A+3-11-23_10ah2bmch_ml+zvad_fullmedia_puredeath3_sytox_based.csv,MCF10A,pure_death_3,Necrosis,22,0.191,5,200
field13_crop-001_ROI#1_annotation_apop.csv,0.04212538226299694,0.14345991561181434,ApoptosisInColonies,MCF10A+field13_crop-001_roi#1_annotation_apop.csv,MCF10A,field13_colony,Apoptosis,237,0.001,10,200
field13_crop-001_ROI#1_annotation_nec.csv,0.2575970737197524,0.11650485436893204,NecrosisInColonies,MCF10A+field13_crop-001_roi#1_annotation_nec.csv,MCF10A,field13_colony,Necrosis,309,0.0,10,200
Field14-002_ROI#1_annotation_apop.csv,0.16165945574380328,0.14728682170542637,ApoptosisInColonies,MCF10A+field14-002_roi#1_annotation_apop.csv,MCF10A,field14_colony,Apoptosis,387,0.0,10,200
Field14-002_ROI#1_annotation_nec.csv,0.11274961597542243,0.12449799196787148,NecrosisInColonies,MCF10A+field14-002_roi#1_annotation_nec.csv,MCF10A,field14_colony,Necrosis,249,0.0,10,200
7-20-23_10arednuclei_ROI#10_annotation_apop.csv,0.10201537502597126,0.14893617021276595,ApoptosisInColonies,MCF10A+7-20-23_10arednuclei_roi#10_annotation_apop.csv,MCF10A,field11_colony,Apoptosis,47,0.003,10,200
7-20-23_10arednuclei_ROI#10_annotation_nec.csv,0.317762570663493,0.14084507042253522,NecrosisInColonies,MCF10A+7-20-23_10arednuclei_roi#10_annotation_nec.csv,MCF10A,field11_colony,Necrosis,142,0.0,10,200
7-20-23_10arednuclei_ROI#13_or14_both_colonies_annotation_apop.csv,0.25121630739727985,0.12096774193548387,ApoptosisInColonies,MCF10A+7-20-23_10arednuclei_roi#13_or14_both_colonies_annotation_apop.csv,MCF10A,field14_two_colony,Apoptosis,248,0.0,10,200
7-20-23_10arednuclei_ROI#13_or14_both_colonies_annotation_nec.csv,0.5318988703604087,0.08645533141210375,NecrosisInColonies,MCF10A+7-20-23_10arednuclei_roi#13_or14_both_colonies_annotation_nec.csv,MCF10A,field14_two_colony,Necrosis,348,0.0,10,200
field13_crop-001_ROI#1_annotation_mixed.csv,0.32633319047327497,0.1227106227106227,MixedColony,MCF10A+field13_crop-001_roi#1_annotation_mixed.csv,MCF10A,field13_colony,mixed,546,0.0,10,200
Field14-002_ROI#1_annotation_mixed.csv,0.3279507574243576,0.13302034428794993,MixedColony,MCF10A+field14-002_roi#1_annotation_mixed.csv,MCF10A,field14_colony,mixed,641,0.0,10,200
7-20-23_10arednuclei_ROI#10_annotation_mixed.csv,0.2596459373581479,0.12169312169312169,MixedColony,MCF10A+7-20-23_10arednuclei_roi#10_annotation_mixed.csv,MCF10A,field11_colony,mixed,200,0.0,10,200
7-20-23_10arednuclei_ROI#13_or14_both_colonies_annotation_mixed.csv,0.6020135451149512,0.10756302521008404,MixedColony,MCF10A+7-20-23_10arednuclei_roi#13_or14_both_colonies_annotation_mixed.csv,MCF10A,field14_two_colony,mixed,596,0.0,10,200
purecolony3_sytox_based.csv,0.06170063246661985,0.1691919191919192,MixedColony,MCF10A+purecolony3_sytox_based.csv,MCF10A,pure_colony_3,Necrosis,818,0.0,10,200
purecolony_sytox_based.csv,0.18767876787678767,0.1331923890063425,MixedColony,MCF10A+purecolony_sytox_based.csv,MCF10A,pure_colony_1,Necrosis,930,0.0,10,200
purecolony2_sytox_based.csv,0.12501170521584412,0.15,MixedColony,MCF10A+purecolony2_sytox_based.csv,MCF10A,pure_colony_2,Necrosis,975,0.0,10,200
mixcolony1.csv,0.27323804386911177,0.10385756676557864,MixedColony,MCF10A+mixcolony1.csv,MCF10A,mix_colony_1,mixed,337,0.0,10,200
mixcolony2_field13.csv,0.37221599663818467,0.10207939508506617,MixedColony,MCF10A+mixcolony2_field13.csv,MCF10A,mix_colony_2,mixed,529,0.0,10,200
mixcolony3.csv,0.11884822760123911,0.12980769230769232,MixedColony,MCF10A+mixcolony3.csv,MCF10A,mix_colony_3,mixed,208,0.0,10,200
20181227_MCF10A_SKT_xy1.csv,0.08571428571428562,0.19393939393939394,MixedColony,MCF10A+TRAIL,MCF10A,skt_1,Apoptosis,165,0.001,10,200
20181227_MCF10A_SKT_xy2.csv,-0.01698113207547177,0.22857142857142856,MixedColony,MCF10A+TRAIL,MCF10A,skt_2,Apoptosis,140,0.085,10,200
20181227_MCF10A_SKT_xy3.csv,0.07555026769779888,0.2535885167464115,MixedColony,MCF10A+TRAIL,MCF10A,skt_3,Apoptosis,209,0.0,10,200
20181227_MCF10A_SKT_xy4.csv,0.1170028818443804,0.20526315789473684,MixedColony,MCF10A+TRAIL,MCF10A,skt_4,Apoptosis,190,0.0,10,200
20181227_MCF10A_SKT_xy5.csv,0.03768115942028983,0.25625,MixedColony,MCF10A+TRAIL,MCF10A,skt_5,Apoptosis,160,0.004,10,200
3-11-23_10ah2bmch_ml+zvad_fullmedia_puredeath1_sytox_based.csv,0.16519488428745427,0.15764139590854392,MixedColony,MCF10A+3-11-23_10ah2bmch_ml+zvad_fullmedia_puredeath1_sytox_based.csv,MCF10A,pure_death_1,Necrosis,831,0.0,10,200
3-11-23_10ah2bmch_ml+zvad_fullmedia_puredeath2_sytox_based.csv,0.2554415147761458,0.14837712519319937,MixedColony,MCF10A+3-11-23_10ah2bmch_ml+zvad_fullmedia_puredeath2_sytox_based.csv,MCF10A,pure_death_2,Necrosis,647,0.0,10,200
3-11-23_10ah2bmch_ml+zvad_fullmedia_puredeath3_sytox_based.csv,-0.09367681498829031,0.17391304347826086,MixedColony,MCF10A+3-11-23_10ah2bmch_ml+zvad_fullmedia_puredeath3_sytox_based.csv,MCF10A,pure_death_3,Necrosis,22,0.2,10,200
field13_crop-001_ROI#1_annotation_apop.csv,0.04307974335472042,0.16455696202531644,ApoptosisInColonies,MCF10A+field13_crop-001_roi#1_annotation_apop.csv,MCF10A,field13_colony,Apoptosis,237,0.001,30,200
field13_crop-001_ROI#1_annotation_nec.csv,0.25671140939597314,0.16181229773462782,NecrosisInColonies,MCF10A+field13_crop-001_roi#1_annotation_nec.csv,MCF10A,field13_colony,Necrosis,309,0.0,30,200
Field14-002_ROI#1_annotation_apop.csv,0.16192321666464823,0.15503875968992248,ApoptosisInColonies,MCF10A+field14-002_roi#1_annotation_apop.csv,MCF10A,field14_colony,Apoptosis,387,0.0,30,200
Field14-002_ROI#1_annotation_nec.csv,0.10596945858398883,0.14056224899598393,NecrosisInColonies,MCF10A+field14-002_roi#1_annotation_nec.csv,MCF10A,field14_colony,Necrosis,249,0.0,30,200
7-20-23_10arednuclei_ROI#10_annotation_apop.csv,0.10932674490426186,0.1702127659574468,ApoptosisInColonies,MCF10A+7-20-23_10arednuclei_roi#10_annotation_apop.csv,MCF10A,field11_colony,Apoptosis,47,0.002,30,200
7-20-23_10arednuclei_ROI#10_annotation_nec.csv,0.31810035842293904,0.1619718309859155,NecrosisInColonies,MCF10A+7-20-23_10arednuclei_roi#10_annotation_nec.csv,MCF10A,field11_colony,Necrosis,142,0.0,30,200
7-20-23_10arednuclei_ROI#13_or14_both_colonies_annotation_apop.csv,0.25048335123523086,0.12903225806451613,ApoptosisInColonies,MCF10A+7-20-23_10arednuclei_roi#13_or14_both_colonies_annotation_apop.csv,MCF10A,field14_two_colony,Apoptosis,248,0.0,30,200
7-20-23_10arednuclei_ROI#13_or14_both_colonies_annotation_nec.csv,0.5359098228663447,0.14121037463976946,NecrosisInColonies,MCF10A+7-20-23_10arednuclei_roi#13_or14_both_colonies_annotation_nec.csv,MCF10A,field14_two_colony,Necrosis,348,0.0,30,200
field13_crop-001_ROI#1_annotation_mixed.csv,0.3254302453313805,0.15384615384615385,MixedColony,MCF10A+field13_crop-001_roi#1_annotation_mixed.csv,MCF10A,field13_colony,mixed,546,0.0,30,200
Field14-002_ROI#1_annotation_mixed.csv,0.3293384467881112,0.14241001564945227,MixedColony,MCF10A+field14-002_roi#1_annotation_mixed.csv,MCF10A,field14_colony,mixed,641,0.0,30,200
7-20-23_10arednuclei_ROI#10_annotation_mixed.csv,0.25973139084907804,0.14285714285714285,MixedColony,MCF10A+7-20-23_10arednuclei_roi#10_annotation_mixed.csv,MCF10A,field11_colony,mixed,200,0.0,30,200
7-20-23_10arednuclei_ROI#13_or14_both_colonies_annotation_mixed.csv,0.6027936798717655,0.13781512605042018,MixedColony,MCF10A+7-20-23_10arednuclei_roi#13_or14_both_colonies_annotation_mixed.csv,MCF10A,field14_two_colony,mixed,596,0.0,30,200
purecolony3_sytox_based.csv,0.057001795332136417,0.20707070707070707,MixedColony,MCF10A+purecolony3_sytox_based.csv,MCF10A,pure_colony_3,Necrosis,818,0.0,30,200
purecolony_sytox_based.csv,0.19069664902998237,0.16596194503171247,MixedColony,MCF10A+purecolony_sytox_based.csv,MCF10A,pure_colony_1,Necrosis,930,0.0,30,200
purecolony2_sytox_based.csv,0.12031337437045332,0.19722222222222222,MixedColony,MCF10A+purecolony2_sytox_based.csv,MCF10A,pure_colony_2,Necrosis,975,0.0,30,200
mixcolony1.csv,0.2706297502714441,0.13649851632047477,MixedColony,MCF10A+mixcolony1.csv,MCF10A,mix_colony_1,mixed,337,0.0,30,200
mixcolony2_field13.csv,0.3697698744769874,0.1285444234404537,MixedColony,MCF10A+mixcolony2_field13.csv,MCF10A,mix_colony_2,mixed,529,0.0,30,200
mixcolony3.csv,0.12360706326075782,0.14423076923076922,MixedColony,MCF10A+mixcolony3.csv,MCF10A,mix_colony_3,mixed,208,0.0,30,200
20181227_MCF10A_SKT_xy1.csv,0.0849056603773585,0.21818181818181817,MixedColony,MCF10A+TRAIL,MCF10A,skt_1,Apoptosis,165,0.0,30,200
20181227_MCF10A_SKT_xy2.csv,-0.03269230769230759,0.2357142857142857,MixedColony,MCF10A+TRAIL,MCF10A,skt_2,Apoptosis,140,0.154,30,200
20181227_MCF10A_SKT_xy3.csv,0.07233273056057872,0.27751196172248804,MixedColony,MCF10A+TRAIL,MCF10A,skt_3,Apoptosis,209,0.0,30,200
20181227_MCF10A_SKT_xy4.csv,0.11558669001751308,0.21578947368421053,MixedColony,MCF10A+TRAIL,MCF10A,skt_4,Apoptosis,190,0.0,30,200
20181227_MCF10A_SKT_xy5.csv,0.03880070546737208,0.28125,MixedColony,MCF10A+TRAIL,MCF10A,skt_5,Apoptosis,160,0.011,30,200
3-11-23_10ah2bmch_ml+zvad_fullmedia_puredeath1_sytox_based.csv,0.16822217163669473,0.19374247894103488,MixedColony,MCF10A+3-11-23_10ah2bmch_ml+zvad_fullmedia_puredeath1_sytox_based.csv,MCF10A,pure_death_1,Necrosis,831,0.0,30,200
3-11-23_10ah2bmch_ml+zvad_fullmedia_puredeath2_sytox_based.csv,0.25421010425020046,0.1777434312210201,MixedColony,MCF10A+3-11-23_10ah2bmch_ml+zvad_fullmedia_puredeath2_sytox_based.csv,MCF10A,pure_death_2,Necrosis,647,0.0,30,200
3-11-23_10ah2bmch_ml+zvad_fullmedia_puredeath3_sytox_based.csv,-0.12408759124087582,0.21739130434782608,MixedColony,MCF10A+3-11-23_10ah2bmch_ml+zvad_fullmedia_puredeath3_sytox_based.csv,MCF10A,pure_death_3,Necrosis,22,0.198,30,200
field13_crop-001_ROI#1_annotation_apop.csv,0.03719008264462804,0.16877637130801687,ApoptosisInColonies,MCF10A+field13_crop-001_roi#1_annotation_apop.csv,MCF10A,field13_colony,Apoptosis,237,0.0,60,200
field13_crop-001_ROI#1_annotation_nec.csv,0.237403928266439,0.1941747572815534,NecrosisInColonies,MCF10A+field13_crop-001_roi#1_annotation_nec.csv,MCF10A,field13_colony,Necrosis,309,0.0,60,200
Field14-002_ROI#1_annotation_apop.csv,0.16222114451988365,0.16020671834625322,ApoptosisInColonies,MCF10A+field14-002_roi#1_annotation_apop.csv,MCF10A,field14_colony,Apoptosis,387,0.0,60,200
Field14-002_ROI#1_annotation_nec.csv,0.10808356039963662,0.17670682730923695,NecrosisInColonies,MCF10A+field14-002_roi#1_annotation_nec.csv,MCF10A,field14_colony,Necrosis,249,0.0,60,200
7-20-23_10arednuclei_ROI#10_annotation_apop.csv,0.10480887792848334,0.1702127659574468,ApoptosisInColonies,MCF10A+7-20-23_10arednuclei_roi#10_annotation_apop.csv,MCF10A,field11_colony,Apoptosis,47,0.001,60,200
7-20-23_10arednuclei_ROI#10_annotation_nec.csv,0.30665467625899273,0.19718309859154928,NecrosisInColonies,MCF10A+7-20-23_10arednuclei_roi#10_annotation_nec.csv,MCF10A,field11_colony,Necrosis,142,0.0,60,200
7-20-23_10arednuclei_ROI#13_or14_both_colonies_annotation_apop.csv,0.2472889644907506,0.14112903225806453,ApoptosisInColonies,MCF10A+7-20-23_10arednuclei_roi#13_or14_both_colonies_annotation_apop.csv,MCF10A,field14_two_colony,Apoptosis,248,0.0,60,200
7-20-23_10arednuclei_ROI#13_or14_both_colonies_annotation_nec.csv,0.5357142857142857,0.19020172910662825,NecrosisInColonies,MCF10A+7-20-23_10arednuclei_roi#13_or14_both_colonies_annotation_nec.csv,MCF10A,field14_two_colony,Necrosis,348,0.0,60,200
field13_crop-001_ROI#1_annotation_mixed.csv,0.322675486953326,0.17399267399267399,MixedColony,MCF10A+field13_crop-001_roi#1_annotation_mixed.csv,MCF10A,field13_colony,mixed,546,0.0,60,200
Field14-002_ROI#1_annotation_mixed.csv,0.33021470552956694,0.1643192488262911,MixedColony,MCF10A+field14-002_roi#1_annotation_mixed.csv,MCF10A,field14_colony,mixed,641,0.0,60,200
7-20-23_10arednuclei_ROI#10_annotation_mixed.csv,0.259763851044505,0.15873015873015872,MixedColony,MCF10A+7-20-23_10arednuclei_roi#10_annotation_mixed.csv,MCF10A,field11_colony,mixed,200,0.0,60,200
7-20-23_10arednuclei_ROI#13_or14_both_colonies_annotation_mixed.csv,0.6009140767824498,0.16974789915966387,MixedColony,MCF10A+7-20-23_10arednuclei_roi#13_or14_both_colonies_annotation_mixed.csv,MCF10A,field14_two_colony,mixed,596,0.0,60,200
purecolony3_sytox_based.csv,0.02946593001841619,0.21717171717171718,MixedColony,MCF10A+purecolony3_sytox_based.csv,MCF10A,pure_colony_3,Necrosis,818,0.001,60,200
purecolony_sytox_based.csv,0.1972789115646259,0.20084566596194503,MixedColony,MCF10A+purecolony_sytox_based.csv,MCF10A,pure_colony_1,Necrosis,930,0.0,60,200
purecolony2_sytox_based.csv,0.0971743625086147,0.23148148148148148,MixedColony,MCF10A+purecolony2_sytox_based.csv,MCF10A,pure_colony_2,Necrosis,975,0.0,60,200
mixcolony1.csv,0.2602220417005144,0.1632047477744807,MixedColony,MCF10A+mixcolony1.csv,MCF10A,mix_colony_1,mixed,337,0.0,60,200
mixcolony2_field13.csv,0.3671204188481675,0.17013232514177692,MixedColony,MCF10A+mixcolony2_field13.csv,MCF10A,mix_colony_2,mixed,529,0.0,60,200
mixcolony3.csv,0.1224073444406664,0.15384615384615385,MixedColony,MCF10A+mixcolony3.csv,MCF10A,mix_colony_3,mixed,208,0.0,60,200
20181227_MCF10A_SKT_xy1.csv,0.08728179551122196,0.2606060606060606,MixedColony,MCF10A+TRAIL,MCF10A,skt_1,Apoptosis,165,0.0,60,200
20181227_MCF10A_SKT_xy2.csv,-0.06666666666666674,0.2714285714285714,MixedColony,MCF10A+TRAIL,MCF10A,skt_2,Apoptosis,140,0.32,60,200
20181227_MCF10A_SKT_xy3.csv,0.015444015444015531,0.291866028708134,MixedColony,MCF10A+TRAIL,MCF10A,skt_3,Apoptosis,209,0.023,60,200
20181227_MCF10A_SKT_xy4.csv,0.06785714285714292,0.24210526315789474,MixedColony,MCF10A+TRAIL,MCF10A,skt_4,Apoptosis,190,0.0,60,200
20181227_MCF10A_SKT_xy5.csv,0.02898550724637674,0.29375,MixedColony,MCF10A+TRAIL,MCF10A,skt_5,Apoptosis,160,0.011,60,200
3-11-23_10ah2bmch_ml+zvad_fullmedia_puredeath1_sytox_based.csv,0.16914498141263945,0.21660649819494585,MixedColony,MCF10A+3-11-23_10ah2bmch_ml+zvad_fullmedia_puredeath1_sytox_based.csv,MCF10A,pure_death_1,Necrosis,831,0.0,60,200
3-11-23_10ah2bmch_ml+zvad_fullmedia_puredeath2_sytox_based.csv,0.253804347826087,0.19783616692426584,MixedColony,MCF10A+3-11-23_10ah2bmch_ml+zvad_fullmedia_puredeath2_sytox_based.csv,MCF10A,pure_death_2,Necrosis,647,0.0,60,200
3-11-23_10ah2bmch_ml+zvad_fullmedia_puredeath3_sytox_based.csv,-0.13698630136986298,0.21739130434782608,MixedColony,MCF10A+3-11-23_10ah2bmch_ml+zvad_fullmedia_puredeath3_sytox_based.csv,MCF10A,pure_death_3,Necrosis,22,0.206,60,200
field13_crop-001_ROI#1_annotation_apop.csv,0.03509979353062636,0.189873417721519,ApoptosisInColonies,MCF10A+field13_crop-001_roi#1_annotation_apop.csv,MCF10A,field13_colony,Apoptosis,237,0.001,90,200
field13_crop-001_ROI#1_annotation_nec.csv,0.21465295629820053,0.22653721682847897,NecrosisInColonies,MCF10A+field13_crop-001_roi#1_annotation_nec.csv,MCF10A,field13_colony,Necrosis,309,0.0,90,200
Field14-002_ROI#1_annotation_apop.csv,0.15076474872541873,0.18087855297157623,ApoptosisInColonies,MCF10A+field14-002_roi#1_annotation_apop.csv,MCF10A,field14_colony,Apoptosis,387,0.0,90,200
Field14-002_ROI#1_annotation_nec.csv,0.0881953867028494,0.20883534136546184,NecrosisInColonies,MCF10A+field14-002_roi#1_annotation_nec.csv,MCF10A,field14_colony,Necrosis,249,0.0,90,200
7-20-23_10arednuclei_ROI#10_annotation_apop.csv,0.09594095940959411,0.1702127659574468,ApoptosisInColonies,MCF10A+7-20-23_10arednuclei_roi#10_annotation_apop.csv,MCF10A,field11_colony,Apoptosis,47,0.002,90,200
7-20-23_10arednuclei_ROI#10_annotation_nec.csv,0.29945054945054944,0.19718309859154928,NecrosisInColonies,MCF10A+7-20-23_10arednuclei_roi#10_annotation_nec.csv,MCF10A,field11_colony,Necrosis,142,0.0,90,200
7-20-23_10arednuclei_ROI#13_or14_both_colonies_annotation_apop.csv,0.25016097875080484,0.14516129032258066,ApoptosisInColonies,MCF10A+7-20-23_10arednuclei_roi#13_or14_both_colonies_annotation_apop.csv,MCF10A,field14_two_colony,Apoptosis,248,0.0,90,200
7-20-23_10arednuclei_ROI#13_or14_both_colonies_annotation_nec.csv,0.5322896281800392,0.21037463976945245,NecrosisInColonies,MCF10A+7-20-23_10arednuclei_roi#13_or14_both_colonies_annotation_nec.csv,MCF10A,field14_two_colony,Necrosis,348,0.0,90,200
field13_crop-001_ROI#1_annotation_mixed.csv,0.3211236573946572,0.19597069597069597,MixedColony,MCF10A+field13_crop-001_roi#1_annotation_mixed.csv,MCF10A,field13_colony,mixed,546,0.0,90,200
Field14-002_ROI#1_annotation_mixed.csv,0.32330288375425403,0.17996870109546165,MixedColony,MCF10A+field14-002_roi#1_annotation_mixed.csv,MCF10A,field14_colony,mixed,641,0.0,90,200
7-20-23_10arednuclei_ROI#10_annotation_mixed.csv,0.24776938915579963,0.1693121693121693,MixedColony,MCF10A+7-20-23_10arednuclei_roi#10_annotation_mixed.csv,MCF10A,field11_colony,mixed,200,0.0,90,200
7-20-23_10arednuclei_ROI#13_or14_both_colonies_annotation_mixed.csv,0.6002485501242751,0.17983193277310924,MixedColony,MCF10A+7-20-23_10arednuclei_roi#13_or14_both_colonies_annotation_mixed.csv,MCF10A,field14_two_colony,mixed,596,0.0,90,200
purecolony3_sytox_based.csv,-0.03276539973787683,0.22853535353535354,MixedColony,MCF10A+purecolony3_sytox_based.csv,MCF10A,pure_colony_3,Necrosis,818,0.433,90,200
purecolony_sytox_based.csv,0.13347921225382936,0.21987315010570824,MixedColony,MCF10A+purecolony_sytox_based.csv,MCF10A,pure_colony_1,Necrosis,930,0.0,90,200
purecolony2_sytox_based.csv,0.004132231404958617,0.2462962962962963,MixedColony,MCF10A+purecolony2_sytox_based.csv,MCF10A,pure_colony_2,Necrosis,975,0.029,90,200
mixcolony1.csv,0.26500612494895887,0.19584569732937684,MixedColony,MCF10A+mixcolony1.csv,MCF10A,mix_colony_1,mixed,337,0.0,90,200
mixcolony2_field13.csv,0.3748834317687286,0.18714555765595464,MixedColony,MCF10A+mixcolony2_field13.csv,MCF10A,mix_colony_2,mixed,529,0.0,90,200
mixcolony3.csv,0.1206365503080083,0.16826923076923078,MixedColony,MCF10A+mixcolony3.csv,MCF10A,mix_colony_3,mixed,208,0.0,90,200
20181227_MCF10A_SKT_xy1.csv,0.054852320675105475,0.2787878787878788,MixedColony,MCF10A+TRAIL,MCF10A,skt_1,Apoptosis,165,0.003,90,200
20181227_MCF10A_SKT_xy2.csv,0.05714285714285716,0.3,MixedColony,MCF10A+TRAIL,MCF10A,skt_2,Apoptosis,140,0.007,90,200
20181227_MCF10A_SKT_xy3.csv,0.03267973856209164,0.33014354066985646,MixedColony,MCF10A+TRAIL,MCF10A,skt_3,Apoptosis,209,0.014,90,200
20181227_MCF10A_SKT_xy4.csv,0.15508021390374335,0.24210526315789474,MixedColony,MCF10A+TRAIL,MCF10A,skt_4,Apoptosis,190,0.0,90,200
20181227_MCF10A_SKT_xy5.csv,0.0,0.325,MixedColony,MCF10A+TRAIL,MCF10A,skt_5,Apoptosis,160,0.047,90,200
3-11-23_10ah2bmch_ml+zvad_fullmedia_puredeath1_sytox_based.csv,0.15942928039702225,0.22743682310469315,MixedColony,MCF10A+3-11-23_10ah2bmch_ml+zvad_fullmedia_puredeath1_sytox_based.csv,MCF10A,pure_death_1,Necrosis,831,0.0,90,200
3-11-23_10ah2bmch_ml+zvad_fullmedia_puredeath2_sytox_based.csv,0.216025137470542,0.2071097372488408,MixedColony,MCF10A+3-11-23_10ah2bmch_ml+zvad_fullmedia_puredeath2_sytox_based.csv,MCF10A,pure_death_2,Necrosis,647,0.0,90,200
3-11-23_10ah2bmch_ml+zvad_fullmedia_puredeath3_sytox_based.csv,-0.0392156862745099,0.21739130434782608,MixedColony,MCF10A+3-11-23_10ah2bmch_ml+zvad_fullmedia_puredeath3_sytox_based.csv,MCF10A,pure_death_3,Necrosis,22,0.078,90,200
field13_crop-001_ROI#1_annotation_apop.csv,0.035747883349012126,0.1940928270042194,ApoptosisInColonies,MCF10A+field13_crop-001_roi#1_annotation_apop.csv,MCF10A,field13_colony,Apoptosis,237,0.0,120,200
field13_crop-001_ROI#1_annotation_nec.csv,0.2843450479233227,0.2459546925566343,NecrosisInColonies,MCF10A+field13_crop-001_roi#1_annotation_nec.csv,MCF10A,field13_colony,Necrosis,309,0.0,120,200
Field14-002_ROI#1_annotation_apop.csv,0.16843629343629343,0.18863049095607234,ApoptosisInColonies,MCF10A+field14-002_roi#1_annotation_apop.csv,MCF10A,field14_colony,Apoptosis,387,0.0,120,200
Field14-002_ROI#1_annotation_nec.csv,0.1346153846153846,0.22088353413654618,NecrosisInColonies,MCF10A+field14-002_roi#1_annotation_nec.csv,MCF10A,field14_colony,Necrosis,249,0.0,120,200
7-20-23_10arednuclei_ROI#10_annotation_apop.csv,0.09828009828009823,0.1702127659574468,ApoptosisInColonies,MCF10A+7-20-23_10arednuclei_roi#10_annotation_apop.csv,MCF10A,field11_colony,Apoptosis,47,0.001,120,200
7-20-23_10arednuclei_ROI#10_annotation_nec.csv,0.27728085867620744,0.22535211267605634,NecrosisInColonies,MCF10A+7-20-23_10arednuclei_roi#10_annotation_nec.csv,MCF10A,field11_colony,Necrosis,142,0.0,120,200
7-20-23_10arednuclei_ROI#13_or14_both_colonies_annotation_apop.csv,0.25314806773773346,0.15725806451612903,ApoptosisInColonies,MCF10A+7-20-23_10arednuclei_roi#13_or14_both_colonies_annotation_apop.csv,MCF10A,field14_two_colony,Apoptosis,248,0.0,120,200
7-20-23_10arednuclei_ROI#13_or14_both_colonies_annotation_nec.csv,0.5031847133757963,0.2276657060518732,NecrosisInColonies,MCF10A+7-20-23_10arednuclei_roi#13_or14_both_colonies_annotation_nec.csv,MCF10A,field14_two_colony,Necrosis,348,0.0,120,200
field13_crop-001_ROI#1_annotation_mixed.csv,0.3439421338155516,0.2032967032967033,MixedColony,MCF10A+field13_crop-001_roi#1_annotation_mixed.csv,MCF10A,field13_colony,mixed,546,0.0,120,200
Field14-002_ROI#1_annotation_mixed.csv,0.3325335892514395,0.18779342723004694,MixedColony,MCF10A+field14-002_roi#1_annotation_mixed.csv,MCF10A,field14_colony,mixed,641,0.0,120,200
7-20-23_10arednuclei_ROI#10_annotation_mixed.csv,0.24751580849141824,0.18518518518518517,MixedColony,MCF10A+7-20-23_10arednuclei_roi#10_annotation_mixed.csv,MCF10A,field11_colony,mixed,200,0.0,120,200
7-20-23_10arednuclei_ROI#13_or14_both_colonies_annotation_mixed.csv,0.6015065221385265,0.19831932773109243,MixedColony,MCF10A+7-20-23_10arednuclei_roi#13_or14_both_colonies_annotation_mixed.csv,MCF10A,field14_two_colony,mixed,596,0.0,120,200
purecolony3_sytox_based.csv,0.06250000000000001,0.2297979797979798,MixedColony,MCF10A+purecolony3_sytox_based.csv,MCF10A,pure_colony_3,Necrosis,818,0.0,120,200
purecolony_sytox_based.csv,0.23035019455252925,0.21775898520084566,MixedColony,MCF10A+purecolony_sytox_based.csv,MCF10A,pure_colony_1,Necrosis,930,0.0,120,200
purecolony2_sytox_based.csv,0.14826839826839824,0.22962962962962963,MixedColony,MCF10A+purecolony2_sytox_based.csv,MCF10A,pure_colony_2,Necrosis,975,0.0,120,200
mixcolony1.csv,0.2749999999999999,0.20474777448071216,MixedColony,MCF10A+mixcolony1.csv,MCF10A,mix_colony_1,mixed,337,0.0,120,200
mixcolony2_field13.csv,0.3625582380347311,0.19848771266540643,MixedColony,MCF10A+mixcolony2_field13.csv,MCF10A,mix_colony_2,mixed,529,0.0,120,200
mixcolony3.csv,0.11907983761840339,0.16346153846153846,MixedColony,MCF10A+mixcolony3.csv,MCF10A,mix_colony_3,mixed,208,0.0,120,200
20181227_MCF10A_SKT_xy1.csv,0.06547619047619042,0.2787878787878788,MixedColony,MCF10A+TRAIL,MCF10A,skt_1,Apoptosis,165,0.004,120,200
20181227_MCF10A_SKT_xy2.csv,-0.1827956989247312,0.3,MixedColony,MCF10A+TRAIL,MCF10A,skt_2,Apoptosis,140,0.637,120,200
20181227_MCF10A_SKT_xy3.csv,-0.05555555555555564,0.3444976076555024,MixedColony,MCF10A+TRAIL,MCF10A,skt_3,Apoptosis,209,0.135,120,200
20181227_MCF10A_SKT_xy4.csv,0.014925373134328318,0.2736842105263158,MixedColony,MCF10A+TRAIL,MCF10A,skt_4,Apoptosis,190,0.034,120,200
20181227_MCF10A_SKT_xy5.csv,0.03191489361702115,0.31875,MixedColony,MCF10A+TRAIL,MCF10A,skt_5,Apoptosis,160,0.022,120,200
3-11-23_10ah2bmch_ml+zvad_fullmedia_puredeath1_sytox_based.csv,0.23381568926123386,0.2286401925391095,MixedColony,MCF10A+3-11-23_10ah2bmch_ml+zvad_fullmedia_puredeath1_sytox_based.csv,MCF10A,pure_death_1,Necrosis,831,0.0,120,200
3-11-23_10ah2bmch_ml+zvad_fullmedia_puredeath2_sytox_based.csv,0.2782782782782783,0.2132921174652241,MixedColony,MCF10A+3-11-23_10ah2bmch_ml+zvad_fullmedia_puredeath2_sytox_based.csv,MCF10A,pure_death_2,Necrosis,647,0.0,120,200
3-11-23_10ah2bmch_ml+zvad_fullmedia_puredeath3_sytox_based.csv,-0.1428571428571427,0.30434782608695654,MixedColony,MCF10A+3-11-23_10ah2bmch_ml+zvad_fullmedia_puredeath3_sytox_based.csv,MCF10A,pure_death_3,Necrosis,22,0.202,120,200
